Date,Open,High,Low,Close,Volume
2023-06-15 10:00:00,5.4800,5.6400,5.4300,5.4300,43386.0000
2023-06-15 14:00:00,5.5500,5.6399,5.4900,5.4900,31295.0000
2023-06-16 10:00:00,5.5450,5.5450,5.5450,5.5450,177.0000
2023-06-20 10:00:00,5.3150,5.3150,5.3000,5.3000,685.0000
2023-06-20 14:00:00,5.3300,5.4299,5.3300,5.4299,588.0000
2023-06-21 06:00:00,5.2700,5.2700,5.2700,5.2700,980.0000
2023-06-21 10:00:00,5.2150,5.2150,5.2150,5.2150,100.0000
2023-06-21 14:00:00,5.2300,5.2500,5.2300,5.2500,3785.0000
2023-06-22 10:00:00,5.6800,5.6800,5.6600,5.6600,12322.0000
2023-06-22 14:00:00,5.6600,5.7000,5.6600,5.6700,4047.0000
2023-06-23 06:00:00,5.6740,5.6740,5.6740,5.6740,500.0000
2023-06-23 10:00:00,5.6101,5.6150,5.6101,5.6150,745.0000
2023-06-23 14:00:00,5.5400,5.6201,5.5400,5.6200,1017.0000
2023-06-26 06:00:00,5.7000,5.7250,5.7000,5.7000,606.0000
2023-06-26 10:00:00,5.8700,5.8700,5.8699,5.8699,521.0000
2023-06-26 14:00:00,5.7900,5.8999,5.7900,5.8999,1671.0000
2023-06-27 14:00:00,5.8400,5.8400,5.7800,5.8400,655.0000
2023-06-28 06:00:00,5.8500,5.8500,5.8500,5.8500,3016.0000
2023-06-28 10:00:00,5.8101,5.9000,5.7700,5.9000,28387.0000
2023-06-28 14:00:00,5.8450,5.9000,5.7800,5.7800,3757.0000
2023-06-29 10:00:00,5.8700,5.8700,5.7300,5.7300,2058.0000
2023-06-29 14:00:00,5.8400,5.8400,5.8400,5.8400,228.0000
2023-06-30 06:00:00,5.9000,6.0000,5.9000,5.9800,10405.0000
2023-06-30 10:00:00,5.9650,6.0200,5.9650,5.9700,3210.0000
2023-06-30 14:00:00,5.9800,5.9800,5.9600,5.9600,1710.0000
2023-07-03 10:00:00,6.0225,6.1000,5.9450,6.1000,2155.0000
2023-07-05 06:00:00,5.8840,5.8840,5.8840,5.8840,274.0000
2023-07-05 10:00:00,5.7875,5.8765,5.7510,5.8450,24365.0000
2023-07-05 14:00:00,5.8450,5.8450,5.8450,5.8450,2504.0000
2023-07-06 06:00:00,5.6000,5.6200,5.6000,5.6200,512.0000
2023-07-06 10:00:00,5.6075,5.6075,5.5400,5.5400,1379.0000
2023-07-06 14:00:00,5.6300,5.6899,5.6300,5.6899,1154.0000
2023-07-07 10:00:00,5.7200,5.7200,5.7200,5.7200,3000.0000
2023-07-07 14:00:00,5.6600,5.6601,5.6600,5.6601,898.0000
2023-07-10 10:00:00,5.9000,5.9800,5.6600,5.6600,1820.0000
2023-07-10 14:00:00,5.7500,5.9700,5.6800,5.8000,6897.0000
2023-07-11 14:00:00,5.9600,6.0600,5.9600,6.0600,543.0000
2023-07-12 10:00:00,6.2100,6.3000,6.2100,6.3000,668.0000
2023-07-12 14:00:00,6.2045,6.2200,6.2045,6.2200,492.0000
2023-07-13 06:00:00,6.3000,6.3320,6.3000,6.3320,1100.0000
2023-07-13 10:00:00,6.3060,6.4300,6.3025,6.4300,421.0000
2023-07-13 14:00:00,6.3500,6.4200,6.3000,6.3000,5746.0000
2023-07-14 10:00:00,6.3400,6.4000,6.3400,6.4000,16530.0000
2023-07-14 14:00:00,6.4000,6.4000,6.3300,6.3300,2130.0000
2023-07-17 06:00:00,6.2500,6.2500,6.2400,6.2400,1150.0000
2023-07-17 10:00:00,6.3000,6.3000,6.2700,6.2700,730.0000
2023-07-17 14:00:00,6.2640,6.3200,6.2640,6.2940,3779.0000
2023-07-18 10:00:00,6.4400,6.4999,6.4400,6.4899,4200.0000
2023-07-18 14:00:00,6.4865,6.4900,6.4000,6.4800,195617.0000
2023-07-19 10:00:00,6.5850,6.6750,6.5500,6.5850,23761.0000
2023-07-19 14:00:00,6.6300,6.6300,6.6300,6.6300,105.0000
2023-07-20 10:00:00,6.4980,6.6800,6.3900,6.4100,1129505.0000
2023-07-20 14:00:00,6.4120,6.4300,6.3500,6.3500,242141.0000
2023-07-21 06:00:00,6.3500,6.3500,6.2800,6.2800,5858.0000
2023-07-21 10:00:00,6.2600,6.3000,6.2580,6.2999,11028.0000
2023-07-21 14:00:00,6.2825,6.3000,6.2716,6.2900,11009.0000
2023-07-24 06:00:00,6.3283,6.3283,6.2000,6.2000,590.0000
2023-07-24 10:00:00,6.2350,6.3599,6.1600,6.1600,25098.0000
2023-07-24 14:00:00,6.2700,6.2800,6.2500,6.2600,3652.0000
2023-07-25 10:00:00,6.2000,6.3080,6.1700,6.1700,20580.0000
2023-07-25 14:00:00,6.2850,6.4000,6.2800,6.3000,2121.0000
2023-07-26 06:00:00,6.4000,6.4200,6.3800,6.3800,35063.0000
2023-07-26 10:00:00,6.4900,6.5500,6.4600,6.5500,34537.0000
2023-07-26 14:00:00,6.5521,6.5900,6.5400,6.5900,3227.0000
2023-07-27 06:00:00,6.7400,6.7400,6.7400,6.7400,250.0000
2023-07-27 10:00:00,6.6542,6.7399,6.6425,6.6425,2006.0000
2023-07-27 14:00:00,6.6700,6.6700,6.6490,6.6700,2433.0000
2023-07-28 06:00:00,6.6106,6.6106,6.6106,6.6106,638.0000
2023-07-28 10:00:00,6.7900,6.8800,6.7312,6.8100,18382.0000
2023-07-28 14:00:00,6.7125,6.7970,6.6800,6.7350,33406.0000
2023-07-31 10:00:00,6.7001,6.8000,6.7001,6.7300,6986.0000
2023-07-31 14:00:00,6.7000,6.7300,6.6901,6.7100,1382.0000
2023-08-01 10:00:00,6.5500,6.6220,6.5500,6.6050,1904.0000
2023-08-01 14:00:00,6.5700,6.6500,6.5301,6.5901,5623.0000
2023-08-02 10:00:00,6.5100,6.6000,6.5100,6.5318,1648.0000
2023-08-02 14:00:00,6.5650,6.6000,6.5201,6.5201,7228.0000
2023-08-03 06:00:00,6.5800,6.6150,6.5800,6.6150,538.0000
2023-08-03 10:00:00,6.6170,6.6800,6.6170,6.6500,212639.0000
2023-08-03 14:00:00,6.6501,6.6650,6.6500,6.6500,1554.0000
2023-08-04 06:00:00,6.9000,6.9250,6.9000,6.9250,245300.0000
2023-08-04 10:00:00,6.9600,6.9680,6.9200,6.9200,13999.0000
2023-08-04 14:00:00,6.8940,6.8940,6.8400,6.8400,789.0000
2023-08-07 10:00:00,6.8900,6.9200,6.8500,6.9200,24368.0000
2023-08-07 14:00:00,6.9000,6.9300,6.8701,6.8701,454.0000
2023-08-08 06:00:00,6.8300,6.8300,6.8300,6.8300,255.0000
2023-08-08 10:00:00,6.8200,6.8700,6.8200,6.8515,51643.0000
2023-08-08 14:00:00,6.8500,6.8900,6.8500,6.8750,8553.0000
2023-08-09 10:00:00,6.9499,6.9499,6.8520,6.9300,16487.0000
2023-08-09 14:00:00,6.8607,6.9300,6.8600,6.8950,21128.0000
2023-08-10 10:00:00,7.2350,7.2350,7.0500,7.0500,17421.0000
2023-08-10 14:00:00,7.0480,7.1099,7.0200,7.0200,3441.0000
2023-08-11 10:00:00,7.0350,7.1100,7.0350,7.0650,3623.0000
2023-08-11 14:00:00,7.0300,7.1000,7.0300,7.0999,33380.0000
2023-08-14 10:00:00,7.0100,7.0295,6.9801,7.0295,73383.0000
2023-08-14 14:00:00,7.0175,7.0300,6.9800,7.0200,56175.0000
2023-08-15 06:00:00,6.9701,6.9701,6.9701,6.9701,143.0000
2023-08-15 10:00:00,6.9600,7.0500,6.9300,6.9700,30484.0000
2023-08-15 14:00:00,7.0090,7.0300,6.9380,6.9900,5489.0000
2023-08-16 10:00:00,7.0099,7.0300,6.9550,7.0200,14165.0000
2023-08-16 14:00:00,6.9450,7.0000,6.8801,6.8801,7601.0000
2023-08-17 10:00:00,6.9060,6.9899,6.8560,6.9200,27776.0000
2023-08-17 14:00:00,6.8900,6.8900,6.8600,6.8900,18423.0000
2023-08-18 10:00:00,6.6950,6.8099,6.6600,6.7350,12726.0000
2023-08-18 14:00:00,6.7900,6.7900,6.6801,6.7350,4752.0000
2023-08-21 10:00:00,6.7610,6.7610,6.7164,6.7164,2794.0000
2023-08-21 14:00:00,6.7900,6.7900,6.6801,6.7900,14100.0000
2023-08-22 06:00:00,6.7000,6.7000,6.7000,6.7000,121.0000
2023-08-22 10:00:00,6.7000,6.7900,6.6401,6.7900,46767.0000
2023-08-22 14:00:00,6.7900,6.7900,6.7000,6.7900,6770.0000
2023-08-23 10:00:00,6.4800,6.5800,6.4301,6.5300,18279.0000
2023-08-23 14:00:00,6.4801,6.5600,6.4801,6.5000,1906.0000
2023-08-24 10:00:00,6.4850,6.5900,6.4438,6.5575,8655.0000
2023-08-24 14:00:00,6.5899,6.5900,6.4340,6.4340,10961.0000
2023-08-25 06:00:00,6.4650,6.4650,6.4650,6.4650,112.0000
2023-08-25 10:00:00,6.4225,6.5189,6.3900,6.4500,8140.0000
2023-08-25 14:00:00,6.4450,6.5200,6.4200,6.4200,5239.0000
2023-08-28 10:00:00,6.5300,6.5300,6.4820,6.5000,3037.0000
2023-08-28 14:00:00,6.4750,6.5800,6.4400,6.5100,31164.0000
2023-08-29 06:00:00,6.5400,6.5400,6.5400,6.5400,144.0000
2023-08-29 10:00:00,6.6000,6.7100,6.6000,6.7100,47529.0000
2023-08-29 14:00:00,6.7300,6.7300,6.6688,6.7300,3330.0000
2023-08-30 06:00:00,6.6600,6.6600,6.6600,6.6600,675.0000
2023-08-30 10:00:00,6.7400,6.7550,6.7225,6.7225,7187.0000
2023-08-30 14:00:00,6.7800,6.7800,6.7400,6.7400,961.0000
2023-08-31 10:00:00,6.7800,6.7800,6.6400,6.6400,8021.0000
2023-08-31 14:00:00,6.6700,6.7600,6.6700,6.7250,3803.0000
2023-09-01 10:00:00,6.6600,6.7100,6.6400,6.6800,89608.0000
2023-09-01 14:00:00,6.7299,6.7300,6.6800,6.7050,3709.0000
2023-09-05 06:00:00,6.6400,6.6400,6.6400,6.6400,134.0000
2023-09-05 10:00:00,6.6100,6.6100,6.5300,6.5350,27260.0000
2023-09-05 14:00:00,6.5350,6.6000,6.4700,6.5350,4679.0000
2023-09-06 10:00:00,6.5275,6.6300,6.4900,6.6300,21546.0000
2023-09-06 14:00:00,6.5100,6.6300,6.5100,6.5100,15607.0000
2023-09-07 10:00:00,6.4000,6.4300,6.3700,6.3850,60586.0000
2023-09-07 14:00:00,6.3401,6.4300,6.3400,6.3401,8161.0000
2023-09-08 06:00:00,6.5250,6.5250,6.5250,6.5250,532.0000
2023-09-08 10:00:00,6.5300,6.5301,6.5100,6.5100,3542.0000
2023-09-08 14:00:00,6.5200,6.5700,6.4601,6.4601,7144.0000
2023-09-11 10:00:00,6.6001,6.6499,6.5900,6.6100,4355.0000
2023-09-11 14:00:00,6.6100,6.6500,6.5700,6.5701,2460.0000
2023-09-12 10:00:00,6.5310,6.6200,6.5310,6.5800,74345.0000
2023-09-12 14:00:00,6.5530,6.6100,6.5500,6.6100,15510.0000
2023-09-13 10:00:00,6.5300,6.5700,6.4850,6.5700,5725.0000
2023-09-13 14:00:00,6.5590,6.5700,6.4500,6.5700,13600.0000
2023-09-14 10:00:00,6.4900,6.5587,6.4301,6.4301,8160.0000
2023-09-14 14:00:00,6.4301,6.5600,6.4301,6.5600,7724.0000
2023-09-15 10:00:00,6.5100,6.5100,6.4201,6.5100,6800.0000
2023-09-15 14:00:00,6.5100,6.5100,6.4000,6.4800,13121.0000
2023-09-18 10:00:00,6.3925,6.4700,6.3400,6.4700,21548.0000
2023-09-18 14:00:00,6.3401,6.4500,6.3400,6.3400,1939.0000
2023-09-19 10:00:00,6.2975,6.3500,6.2700,6.3100,51383.0000
2023-09-19 14:00:00,6.3100,6.3500,6.2700,6.2700,7748.0000
2023-09-20 06:00:00,6.3500,6.3500,6.3500,6.3500,159.0000
2023-09-20 10:00:00,6.3201,6.3700,6.3125,6.3250,22755.0000
2023-09-20 14:00:00,6.3200,6.3400,6.2200,6.2200,3346.0000
2023-09-21 06:00:00,6.2600,6.3000,6.2600,6.2775,1803.0000
2023-09-21 10:00:00,6.2700,6.2899,6.2000,6.2000,8612.0000
2023-09-21 14:00:00,6.2150,6.2900,6.1800,6.1800,15715.0000
2023-09-22 06:00:00,6.2500,6.2700,6.2500,6.2600,1618.0000
2023-09-22 10:00:00,6.3200,6.3200,6.2800,6.2800,3713.0000
2023-09-22 14:00:00,6.2425,6.3100,6.2425,6.2500,20649.0000
2023-09-25 06:00:00,6.1000,6.1200,6.1000,6.1200,1178.0000
2023-09-25 10:00:00,6.1000,6.1000,6.0440,6.0440,18781.0000
2023-09-25 14:00:00,6.0800,6.1000,6.0500,6.1000,20181.0000
2023-09-26 06:00:00,6.0825,6.0825,6.0825,6.0825,2113.0000
2023-09-26 10:00:00,6.0500,6.0600,5.9725,5.9950,9704.0000
2023-09-26 14:00:00,5.9900,6.0100,5.9700,5.9700,14666.0000
2023-09-27 06:00:00,5.9025,5.9400,5.9025,5.9400,2004.0000
2023-09-27 10:00:00,5.8500,5.8900,5.8450,5.8450,40192.0000
2023-09-27 14:00:00,5.8799,5.9000,5.8400,5.9000,4552.0000
2023-09-28 06:00:00,5.7850,5.7850,5.7850,5.7850,3786.0000
2023-09-28 10:00:00,5.8000,5.8600,5.7801,5.8600,20400.0000
2023-09-28 14:00:00,5.8600,5.8600,5.7901,5.8600,7526.0000
2023-09-29 06:00:00,6.2800,6.2800,6.2800,6.2800,400.0000
2023-09-29 10:00:00,6.2800,6.2800,6.1101,6.1101,8954.0000
2023-09-29 14:00:00,6.1101,6.2100,6.1100,6.2100,4564.0000
2023-10-02 10:00:00,6.1300,6.2100,6.1101,6.1101,9354.0000
2023-10-02 14:00:00,6.1700,6.2100,6.1100,6.1100,25169.0000
2023-10-03 06:00:00,6.1600,6.1600,6.1600,6.1600,606.0000
2023-10-03 10:00:00,6.1460,6.2062,6.1101,6.2062,16984.0000
2023-10-03 14:00:00,6.1400,6.2200,6.1400,6.1450,9999.0000
2023-10-04 06:00:00,6.2400,6.2400,6.2400,6.2400,126.0000
2023-10-04 10:00:00,6.1860,6.2300,6.1801,6.2250,20487.0000
2023-10-04 14:00:00,6.2275,6.2500,6.2200,6.2425,21911.0000
2023-10-05 06:00:00,5.5700,5.5750,5.5600,5.5750,3534.0000
2023-10-05 10:00:00,5.5501,5.6000,5.5001,5.5400,118590.0000
2023-10-05 14:00:00,5.5400,5.5600,5.5200,5.5520,11303.0000
2023-10-06 06:00:00,5.5400,5.5600,5.5400,5.5600,2287.0000
2023-10-06 10:00:00,5.5600,5.6900,5.5600,5.6786,75038.0000
2023-10-06 14:00:00,5.6800,5.6900,5.6700,5.6800,11843.0000
2023-10-09 06:00:00,5.5950,5.5950,5.5575,5.5575,2106.0000
2023-10-09 10:00:00,5.5200,5.5550,5.4701,5.5500,12933.0000
2023-10-09 14:00:00,5.5425,5.5800,5.5425,5.5501,6984.0000
2023-10-10 06:00:00,5.6675,5.6850,5.6675,5.6850,1449.0000
2023-10-10 10:00:00,5.6301,5.6900,5.6301,5.6360,40785.0000
2023-10-10 14:00:00,5.6550,5.6800,5.6300,5.6300,16983.0000
2023-10-11 06:00:00,5.7600,5.7600,5.7150,5.7150,994.0000
2023-10-11 10:00:00,5.6700,5.6800,5.6000,5.6000,46292.0000
2023-10-11 14:00:00,5.6350,5.6400,5.5900,5.6000,7153.0000
2023-10-12 10:00:00,5.5601,5.5900,5.5000,5.5250,8204.0000
2023-10-12 14:00:00,5.4900,5.5500,5.4500,5.5200,9939.0000
2023-10-13 06:00:00,5.3700,5.3700,5.3525,5.3525,919.0000
2023-10-13 10:00:00,5.3525,5.3525,5.2600,5.2701,34825.0000
2023-10-13 14:00:00,5.2700,5.3200,5.2700,5.3200,6493.0000
2023-10-16 10:00:00,5.3115,5.3699,5.2900,5.3350,50631.0000
2023-10-16 14:00:00,5.2900,5.3700,5.2900,5.3700,14876.0000
2023-10-17 06:00:00,5.2320,5.2500,5.2300,5.2500,787.0000
2023-10-17 10:00:00,5.3099,5.4200,5.2800,5.3500,105050.0000
2023-10-17 14:00:00,5.3475,5.4000,5.3300,5.4000,13992.0000
2023-10-18 10:00:00,5.3801,5.4000,5.3000,5.3200,9973.0000
2023-10-18 14:00:00,5.3480,5.3900,5.3200,5.3600,2457.0000
2023-10-19 10:00:00,5.3400,5.3900,5.2500,5.2600,27802.0000
2023-10-19 14:00:00,5.3425,5.3425,5.2400,5.3100,4954.0000
2023-10-20 10:00:00,5.3275,5.3275,5.2300,5.2501,22872.0000
2023-10-20 14:00:00,5.2700,5.2900,5.2401,5.2401,9952.0000
2023-10-23 06:00:00,5.2850,5.2850,5.2850,5.2850,690.0000
2023-10-23 10:00:00,5.2925,5.4299,5.2695,5.3500,45983.0000
2023-10-23 14:00:00,5.3101,5.3699,5.3100,5.3400,9149.0000
2023-10-24 06:00:00,5.5500,5.6700,5.5500,5.6401,3856.0000
2023-10-24 10:00:00,5.7100,5.7699,5.6300,5.7000,157233.0000
2023-10-24 14:00:00,5.7000,5.7400,5.7000,5.7100,12316.0000
2023-10-25 06:00:00,5.6600,5.6999,5.6550,5.6999,2240.0000
2023-10-25 10:00:00,5.7200,5.7840,5.6601,5.6601,41169.0000
2023-10-25 14:00:00,5.6600,5.7500,5.6600,5.6700,28897.0000
2023-10-26 06:00:00,5.7000,5.7000,5.6201,5.6201,1652.0000
2023-10-26 10:00:00,5.6000,5.6000,5.5250,5.5550,16690.0000
2023-10-26 14:00:00,5.5400,5.5690,5.5101,5.5200,19820.0000
2023-10-27 06:00:00,5.5580,5.5700,5.5500,5.5600,5206.0000
2023-10-27 10:00:00,5.5750,5.5800,5.5000,5.5050,21399.0000
2023-10-27 14:00:00,5.4900,5.5400,5.4800,5.5058,5224.0000
2023-10-30 06:00:00,5.5700,5.5700,5.5650,5.5650,1403.0000
2023-10-30 10:00:00,5.5625,5.6400,5.5001,5.6400,28424.0000
2023-10-30 14:00:00,5.5850,5.6400,5.5300,5.5300,5555.0000
2023-10-31 06:00:00,5.6000,5.6000,5.6000,5.6000,4296.0000
2023-10-31 10:00:00,5.5801,5.6200,5.5400,5.5475,54976.0000
2023-10-31 14:00:00,5.5850,5.6300,5.5400,5.5625,12222.0000
2023-11-01 06:00:00,5.5900,5.5900,5.5201,5.5375,4680.0000
2023-11-01 10:00:00,5.5975,5.6300,5.5901,5.6000,24015.0000
2023-11-01 14:00:00,5.6150,5.6800,5.6000,5.6750,13099.0000
2023-11-02 06:00:00,5.8000,5.8800,5.8000,5.8200,893.0000
2023-11-02 10:00:00,5.8160,5.8485,5.7000,5.7000,9555.0000
2023-11-02 14:00:00,5.7400,5.8300,5.7400,5.8100,12632.0000
2023-11-03 06:00:00,5.9400,6.0250,5.9400,6.0250,3888.0000
2023-11-03 10:00:00,6.0400,6.0400,5.9000,5.9050,21567.0000
2023-11-03 14:00:00,5.8900,5.9299,5.8900,5.8900,13138.0000
2023-11-06 09:00:00,5.9400,5.9400,5.8600,5.8800,31593.0000
2023-11-06 13:00:00,5.8550,5.8900,5.8200,5.8900,23458.0000
2023-11-07 09:00:00,5.8175,5.9800,5.8101,5.8801,21373.0000
2023-11-07 13:00:00,5.8801,5.9500,5.8800,5.8900,26646.0000
2023-11-08 09:00:00,5.9575,6.0200,5.8300,5.9150,39318.0000
2023-11-08 13:00:00,5.9031,6.0000,5.8300,5.9650,14728.0000
2023-11-09 09:00:00,6.0125,6.0790,5.9201,5.9850,14711.0000
2023-11-09 13:00:00,5.9800,6.0299,5.9200,5.9600,35950.0000
2023-11-10 09:00:00,5.7025,5.7800,5.7001,5.7800,17127.0000
2023-11-10 13:00:00,5.7900,5.8100,5.7700,5.8100,10458.0000
2023-11-13 09:00:00,5.5300,5.6299,5.5300,5.6000,29357.0000
2023-11-13 13:00:00,5.5750,5.6100,5.5600,5.5700,21426.0000
2023-11-14 09:00:00,5.8050,5.9300,5.7300,5.7301,17792.0000
2023-11-14 13:00:00,5.7300,5.8200,5.7300,5.8200,8520.0000
2023-11-15 09:00:00,5.9500,5.9835,5.8601,5.8701,39521.0000
2023-11-15 13:00:00,5.8701,5.9700,5.8700,5.9700,7775.0000
2023-11-16 09:00:00,5.7500,5.7800,5.6100,5.6600,16476.0000
2023-11-16 13:00:00,5.7095,5.7100,5.6800,5.7100,30265.0000
2023-11-17 09:00:00,5.6101,6.0000,5.6101,5.6700,19144.0000
2023-11-17 13:00:00,5.8350,6.0000,5.6701,6.0000,2273.0000
2023-11-20 09:00:00,5.9100,5.9100,5.8300,5.9099,9563.0000
2023-11-20 13:00:00,5.9099,5.9100,5.8300,5.8900,34057.0000
2023-11-21 09:00:00,5.9150,5.9150,5.7900,5.8201,60239.0000
2023-11-21 13:00:00,5.8200,5.8700,5.8100,5.8100,21428.0000
2023-11-22 09:00:00,5.9100,6.0800,5.9000,6.0300,37619.0000
2023-11-22 13:00:00,6.0300,6.0499,5.8600,6.0300,19715.0000
2023-11-24 09:00:00,6.1299,6.1299,5.9301,6.1001,38533.0000
2023-11-27 09:00:00,6.0900,6.1500,6.0300,6.1200,37830.0000
2023-11-27 13:00:00,6.1000,6.1400,6.1000,6.1300,21374.0000
2023-11-28 09:00:00,6.1025,6.2000,6.0200,6.1625,238687.0000
2023-11-28 13:00:00,6.1250,6.1625,6.0500,6.1200,27796.0000
2023-11-29 09:00:00,6.2200,6.3700,6.2200,6.3650,1078961.0000
2023-11-29 13:00:00,6.3575,6.3725,6.2600,6.3350,10301.0000
2023-11-30 09:00:00,6.3100,6.4300,6.2800,6.3801,545549.0000
2023-11-30 13:00:00,6.3801,6.5000,6.3800,6.5000,412244.0000
2023-12-01 09:00:00,6.4300,6.4550,6.3401,6.4350,1051191.0000
2023-12-01 13:00:00,6.4400,6.4800,6.4300,6.4800,15897.0000
2023-12-04 09:00:00,6.4800,6.5100,6.4100,6.4950,30633.0000
2023-12-04 13:00:00,6.4900,6.5000,6.4500,6.4600,94695.0000
2023-12-05 09:00:00,6.5000,6.5330,6.4000,6.5300,378494.0000
2023-12-05 13:00:00,6.5300,6.5300,6.4901,6.5300,65344.0000
2023-12-06 09:00:00,6.4999,6.5000,6.3170,6.3200,512510.0000
2023-12-06 13:00:00,6.3600,6.4200,6.3200,6.3575,34692.0000
2023-12-07 09:00:00,6.0000,6.0475,5.8901,6.0050,170727.0000
2023-12-07 13:00:00,6.0250,6.0400,5.9800,6.0200,37183.0000
2023-12-08 09:00:00,6.0000,6.0399,5.9500,6.0299,45088.0000
2023-12-08 13:00:00,6.0300,6.0300,5.9700,5.9900,120365.0000
2023-12-11 09:00:00,5.7701,5.7925,5.7000,5.7000,28244.0000
2023-12-11 13:00:00,5.7525,5.7700,5.7000,5.7620,70351.0000
2023-12-12 09:00:00,5.7350,5.7700,5.6900,5.7700,36938.0000
2023-12-12 13:00:00,5.7215,5.7500,5.7000,5.7100,47960.0000
2023-12-13 09:00:00,5.7550,5.7550,5.6800,5.6800,29814.0000
2023-12-13 13:00:00,5.6800,5.8500,5.6700,5.8500,56869.0000
2023-12-14 09:00:00,5.9599,6.0900,5.9300,5.9840,40645.0000
2023-12-14 13:00:00,5.9800,6.0291,5.9400,6.0000,33259.0000
2023-12-15 09:00:00,5.8100,5.8100,5.6600,5.7100,83625.0000
2023-12-15 13:00:00,5.7150,5.7200,5.6800,5.7200,62856.0000
2023-12-18 09:00:00,5.6775,5.8000,5.6700,5.7400,63934.0000
2023-12-18 13:00:00,5.7400,5.8000,5.6800,5.7400,32436.0000
2023-12-19 09:00:00,5.8199,5.9099,5.8000,5.8700,32727.0000
2023-12-19 13:00:00,5.8100,5.8700,5.8100,5.8600,34668.0000
2023-12-20 09:00:00,5.8300,5.9300,5.8300,5.9000,36336.0000
2023-12-20 13:00:00,5.8725,5.9100,5.7800,5.7900,25970.0000
2023-12-21 09:00:00,5.9399,5.9399,5.8140,5.8699,359195.0000
2023-12-21 13:00:00,5.8799,5.9000,5.8200,5.8700,25552.0000
2023-12-22 09:00:00,5.4700,5.5300,5.4300,5.4501,86187.0000
2023-12-22 13:00:00,5.4620,5.4900,5.4200,5.4800,43281.0000
2023-12-26 09:00:00,5.4600,5.5100,5.4600,5.5050,48233.0000
2023-12-26 13:00:00,5.5100,5.5400,5.5000,5.5000,41886.0000
2023-12-27 09:00:00,5.5599,5.5865,5.5075,5.5450,119520.0000
2023-12-27 13:00:00,5.5520,5.5800,5.5300,5.5500,26672.0000
2023-12-28 09:00:00,5.4600,5.5900,5.4600,5.5505,19555.0000
2023-12-28 13:00:00,5.5550,5.5900,5.5100,5.5300,38934.0000
2023-12-29 09:00:00,5.5500,5.5550,5.4900,5.5499,55840.0000
2023-12-29 13:00:00,5.5499,5.5500,5.5000,5.5500,18972.0000
2024-01-02 09:00:00,5.4375,5.5199,5.4300,5.4300,29689.0000
2024-01-02 13:00:00,5.5200,5.5200,5.4300,5.4400,33483.0000
2024-01-03 09:00:00,5.3800,5.4200,5.3301,5.3301,24326.0000
2024-01-03 13:00:00,5.4099,5.4099,5.3400,5.4000,20558.0000
2024-01-04 09:00:00,5.0600,5.1300,5.0075,5.0500,51508.0000
2024-01-04 13:00:00,5.0850,5.1200,5.0500,5.1000,126220.0000
2024-01-05 09:00:00,5.0701,5.1500,5.0701,5.0950,11414.0000
2024-01-05 13:00:00,5.0725,5.1300,5.0700,5.1050,12407.0000
2024-01-08 09:00:00,4.9800,5.1800,4.9800,5.1620,196098.0000
2024-01-08 13:00:00,5.1605,5.1800,5.1301,5.1800,26098.0000
2024-01-09 09:00:00,5.1050,5.1050,5.0600,5.0700,44702.0000
2024-01-09 13:00:00,5.0601,5.1200,5.0600,5.1200,15313.0000
2024-01-10 09:00:00,5.1400,5.1900,5.0901,5.1600,17444.0000
2024-01-10 13:00:00,5.1530,5.2100,5.1500,5.2100,14957.0000
2024-01-11 09:00:00,5.1700,5.1925,5.0701,5.1350,55137.0000
2024-01-11 13:00:00,5.1301,5.1900,5.1301,5.1725,44887.0000
2024-01-12 09:00:00,5.1801,5.2200,5.1000,5.1000,55155.0000
2024-01-12 13:00:00,5.1300,5.2100,5.1000,5.1505,23754.0000
2024-01-16 09:00:00,4.8301,4.8894,4.8100,4.8250,154989.0000
2024-01-16 13:00:00,4.8260,4.8500,4.8100,4.8400,57918.0000
2024-01-17 09:00:00,4.6375,4.7000,4.6250,4.7000,42721.0000
2024-01-17 13:00:00,4.6800,4.7000,4.6500,4.7000,57556.0000
2024-01-18 09:00:00,4.6300,4.6993,4.5886,4.6400,46730.0000
2024-01-18 13:00:00,4.6300,4.6900,4.6300,4.6600,251776.0000
2024-01-19 09:00:00,4.5700,4.6200,4.5100,4.5625,160774.0000
2024-01-19 13:00:00,4.5650,4.5900,4.5600,4.5800,248672.0000
2024-01-22 09:00:00,4.5699,4.6099,4.5400,4.5825,1288472.0000
2024-01-22 13:00:00,4.5850,4.5900,4.5600,4.5600,59372.0000
2024-01-23 09:00:00,4.6001,4.6200,4.5800,4.6000,982803.0000
2024-01-23 13:00:00,4.6000,4.6200,4.5900,4.6000,195446.0000
2024-01-24 05:00:00,4.5100,4.5100,4.5100,4.5100,100.0000
2024-01-24 09:00:00,4.2400,4.2600,4.1100,4.1800,136171.0000
2024-01-24 13:00:00,4.1850,4.1850,4.1280,4.1300,159779.0000
2024-01-25 09:00:00,4.0500,4.0900,4.0000,4.0500,46304.0000
2024-01-25 13:00:00,4.0500,4.0599,4.0300,4.0400,50215.0000
2024-01-26 09:00:00,4.0700,4.1200,4.0510,4.1050,58858.0000
2024-01-26 13:00:00,4.1010,4.1100,4.0800,4.0800,38289.0000
2024-01-29 09:00:00,4.0201,4.0800,4.0201,4.0725,233232.0000
2024-01-29 13:00:00,4.0500,4.1000,4.0500,4.0800,20741.0000
2024-01-30 09:00:00,4.0000,4.0795,4.0000,4.0360,25468.0000
2024-01-30 13:00:00,4.0625,4.0800,4.0300,4.0400,39795.0000
2024-01-31 09:00:00,4.0310,4.0500,3.9801,3.9900,87554.0000
2024-01-31 13:00:00,3.9900,4.0000,3.9400,3.9540,139998.0000
2024-02-01 09:00:00,4.0700,4.1000,4.0501,4.0875,30139.0000
2024-02-01 13:00:00,4.1200,4.1200,4.0600,4.0900,43275.0000
2024-02-02 09:00:00,4.0975,4.1300,4.0500,4.0900,11056.0000
2024-02-02 13:00:00,4.1100,4.1400,4.0500,4.1200,55422.0000
2024-02-05 09:00:00,4.2101,4.2400,4.1700,4.2400,67184.0000
2024-02-05 13:00:00,4.2020,4.2400,4.1900,4.1900,42491.0000
2024-02-06 09:00:00,4.1700,4.2500,4.1700,4.2000,19676.0000
2024-02-06 13:00:00,4.2495,4.2500,4.2000,4.2408,15410.0000
2024-02-07 09:00:00,4.2500,4.3000,4.2300,4.2575,25183.0000
2024-02-07 13:00:00,4.2700,4.3300,4.2200,4.2650,60144.0000
2024-02-08 09:00:00,4.2600,4.3500,4.2600,4.3400,33064.0000
2024-02-08 13:00:00,4.3100,4.3400,4.2800,4.2800,28204.0000
2024-02-09 09:00:00,4.2900,4.3600,4.2900,4.2900,93157.0000
2024-02-09 13:00:00,4.3150,4.3500,4.2900,4.3500,30307.0000
2024-02-12 09:00:00,4.4125,4.4500,4.4100,4.4400,44244.0000
2024-02-12 13:00:00,4.4301,4.4498,4.4000,4.4000,32774.0000
2024-02-13 09:00:00,4.2501,4.3200,4.2500,4.2899,40471.0000
2024-02-13 13:00:00,4.2501,4.2800,4.2200,4.2275,120955.0000
2024-02-14 09:00:00,4.3900,4.4500,4.3700,4.4300,31736.0000
2024-02-14 13:00:00,4.4200,4.4500,4.3800,4.4500,87919.0000
2024-02-15 09:00:00,4.5100,4.5530,4.4700,4.5025,37328.0000
2024-02-15 13:00:00,4.5150,4.5200,4.5000,4.5100,19136.0000
2024-02-16 09:00:00,4.5400,4.5599,4.5000,4.5299,37602.0000
2024-02-16 13:00:00,4.5300,4.5400,4.4900,4.5000,18780.0000
2024-02-20 09:00:00,4.4200,4.4700,4.3950,4.4500,15117.0000
2024-02-20 13:00:00,4.4450,4.4700,4.4401,4.4500,33423.0000
2024-02-21 09:00:00,4.4800,4.5400,4.4600,4.5400,43438.0000
2024-02-21 13:00:00,4.5142,4.5400,4.4900,4.5400,22433.0000
2024-02-22 09:00:00,4.5200,4.5850,4.5001,4.5100,25463.0000
2024-02-22 13:00:00,4.5250,4.5500,4.5100,4.5500,10259.0000
2024-02-23 09:00:00,4.5000,4.5770,4.4801,4.5420,10043.0000
2024-02-23 13:00:00,4.5300,4.5400,4.5100,4.5400,78419.0000
2024-02-26 09:00:00,4.5400,4.5725,4.5000,4.5001,12472.0000
2024-02-26 13:00:00,4.5200,4.5700,4.5100,4.5250,10996.0000
2024-02-27 09:00:00,4.5000,4.5000,4.3350,4.3650,14295.0000
2024-02-27 13:00:00,4.3500,4.3800,4.3400,4.3400,37396.0000
2024-02-28 09:00:00,4.5399,4.5800,4.5050,4.5500,31096.0000
2024-02-28 13:00:00,4.5600,4.5800,4.5500,4.5575,18317.0000
2024-02-29 09:00:00,4.5850,4.6100,4.5204,4.5600,38559.0000
2024-02-29 13:00:00,4.5325,4.5700,4.5200,4.5300,24531.0000
2024-03-01 09:00:00,4.4650,4.5050,4.4500,4.4750,15543.0000
2024-03-01 13:00:00,4.4900,4.5200,4.4600,4.4850,100656.0000
2024-03-04 09:00:00,4.4070,4.4200,4.3825,4.4199,375103.0000
2024-03-04 13:00:00,4.4100,4.4150,4.3900,4.4100,78652.0000
2024-03-05 09:00:00,4.4000,4.4500,4.3750,4.4100,161653.0000
2024-03-05 13:00:00,4.4250,4.4399,4.3810,4.3900,209356.0000
2024-03-06 09:00:00,4.4350,4.4900,4.4350,4.4625,12340.0000
2024-03-06 13:00:00,4.5000,4.5000,4.4400,4.4900,13392.0000
2024-03-07 09:00:00,4.4800,4.5400,4.4600,4.5400,22542.0000
2024-03-07 13:00:00,4.5398,4.5500,4.4900,4.5500,13088.0000
2024-03-08 09:00:00,4.5000,4.5375,4.4801,4.4850,10304.0000
2024-03-08 13:00:00,4.4600,4.4900,4.4500,4.4800,12227.0000
2024-03-11 06:00:00,4.5225,4.5400,4.5225,4.5400,9570.0000
2024-03-11 10:00:00,4.5300,4.5300,4.4701,4.4800,16732.0000
2024-03-11 14:00:00,4.5100,4.5400,4.4800,4.5100,4645.0000
2024-03-12 06:00:00,4.5400,4.5400,4.5200,4.5200,3825.0000
2024-03-12 10:00:00,4.5500,4.6200,4.5500,4.5675,20106.0000
2024-03-12 14:00:00,4.5850,4.6200,4.5500,4.5675,3680.0000
2024-03-13 10:00:00,4.5375,4.5995,4.5375,4.5920,19402.0000
2024-03-13 14:00:00,4.5675,4.6130,4.5500,4.6100,8293.0000
2024-03-14 06:00:00,4.6400,4.6545,4.6300,4.6400,2763.0000
2024-03-14 10:00:00,4.6101,4.6101,4.5400,4.5571,6527.0000
2024-03-14 14:00:00,4.5500,4.5700,4.5400,4.5400,4877.0000
2024-03-15 06:00:00,4.5550,4.5550,4.5275,4.5275,1423.0000
2024-03-15 10:00:00,4.5500,4.5500,4.4600,4.5100,11742.0000
2024-03-15 14:00:00,4.5000,4.5300,4.4600,4.4800,16816.0000
2024-03-18 06:00:00,4.4000,4.4000,4.3699,4.3699,4066.0000
2024-03-18 10:00:00,4.3550,4.4300,4.3475,4.4200,34490.0000
2024-03-18 14:00:00,4.3850,4.4100,4.3600,4.3950,12933.0000
2024-03-19 06:00:00,4.3010,4.3200,4.3010,4.3200,2440.0000
2024-03-19 10:00:00,4.2975,4.3399,4.2900,4.2900,15557.0000
2024-03-19 14:00:00,4.2900,4.3300,4.2900,4.3300,10716.0000
2024-03-20 10:00:00,4.2800,4.4300,4.2620,4.3150,9407.0000
2024-03-20 14:00:00,4.3258,4.4000,4.3023,4.4000,6657.0000
2024-03-21 10:00:00,4.2700,4.2850,4.2400,4.2501,18804.0000
2024-03-21 14:00:00,4.2600,4.2899,4.2501,4.2800,8897.0000
2024-03-22 06:00:00,4.1900,4.1900,4.1550,4.1550,8191.0000
2024-03-22 10:00:00,4.1725,4.2100,4.1650,4.2100,12204.0000
2024-03-22 14:00:00,4.1900,4.2200,4.1700,4.2200,4054.0000
2024-03-25 06:00:00,4.2200,4.2220,4.2200,4.2220,300.0000
2024-03-25 10:00:00,4.2400,4.3100,4.2200,4.2875,55682.0000
2024-03-25 14:00:00,4.2900,4.3100,4.2700,4.3100,10394.0000
2024-03-26 06:00:00,4.3200,4.3700,4.3200,4.3600,4015.0000
2024-03-26 10:00:00,4.3575,4.4400,4.3575,4.4050,34462.0000
2024-03-26 14:00:00,4.3950,4.4300,4.3800,4.4150,12285.0000
2024-03-27 06:00:00,4.3700,4.4299,4.3700,4.4299,3449.0000
2024-03-27 10:00:00,4.4300,4.4400,4.4000,4.4142,102448.0000
2024-03-27 14:00:00,4.3800,4.4400,4.3800,4.4400,23747.0000
2024-03-28 06:00:00,4.3600,4.4500,4.3600,4.4500,2379.0000
2024-03-28 10:00:00,4.4500,4.4999,4.4460,4.4850,7277.0000
2024-03-28 14:00:00,4.4775,4.5000,4.4700,4.4750,13811.0000
2024-04-01 06:00:00,4.5025,4.5025,4.5025,4.5025,3719.0000
2024-04-01 10:00:00,4.4975,4.5100,4.2501,4.4920,14943.0000
2024-04-01 14:00:00,4.4400,4.5000,4.4250,4.4800,12318.0000
2024-04-02 06:00:00,4.4400,4.4400,4.4200,4.4200,5553.0000
2024-04-02 10:00:00,4.4300,4.4300,4.3825,4.3875,18758.0000
2024-04-02 14:00:00,4.3900,4.4100,4.3850,4.4100,12287.0000
2024-04-03 10:00:00,4.4250,4.4600,4.3800,4.3800,6486.0000
2024-04-03 14:00:00,4.4000,4.4600,4.3800,4.4600,7013.0000
2024-04-04 10:00:00,4.5100,4.5400,4.5000,4.5100,12072.0000
2024-04-04 14:00:00,4.4800,4.4800,4.4400,4.4400,6413.0000
2024-04-05 10:00:00,4.4875,4.5250,4.4400,4.5200,62675.0000
2024-04-05 14:00:00,4.5300,4.5400,4.4900,4.5400,9222.0000
2024-04-08 06:00:00,4.5000,4.5000,4.5000,4.5000,106.0000
2024-04-08 10:00:00,4.5900,4.5900,4.5501,4.5698,3877.0000
2024-04-08 14:00:00,4.5600,4.5700,4.5550,4.5700,7340.0000
2024-04-09 10:00:00,4.5650,4.5650,4.5201,4.5450,216644.0000
2024-04-09 14:00:00,4.5500,4.5700,4.5200,4.5700,6133.0000
2024-04-10 06:00:00,4.5200,4.5200,4.5200,4.5200,100.0000
2024-04-10 10:00:00,4.5150,4.5199,4.4300,4.4750,8671.0000
2024-04-10 14:00:00,4.4301,4.5199,4.4301,4.5044,7395.0000
2024-04-11 10:00:00,4.5300,4.5390,4.5100,4.5390,9822.0000
2024-04-11 14:00:00,4.5240,4.5600,4.5001,4.5060,2956.0000
2024-04-12 06:00:00,4.3000,4.3000,4.3000,4.3000,100.0000
2024-04-12 10:00:00,4.2550,4.2700,4.2201,4.2372,12854.0000
2024-04-12 14:00:00,4.2500,4.2500,4.2300,4.2350,18709.0000
2024-04-15 10:00:00,4.2800,4.3000,4.2420,4.2420,95617.0000
2024-04-15 14:00:00,4.2550,4.2700,4.2400,4.2600,14993.0000
2024-04-16 10:00:00,4.2350,4.3100,4.2201,4.2600,92073.0000
2024-04-16 14:00:00,4.2600,4.2700,4.2300,4.2700,24967.0000
2024-04-17 06:00:00,4.3100,4.3300,4.3100,4.3300,5685.0000
2024-04-17 10:00:00,4.3399,4.3550,4.3200,4.3550,21967.0000
2024-04-17 14:00:00,4.3750,4.3900,4.3600,4.3900,10728.0000
2024-04-18 06:00:00,4.3600,4.4200,4.3600,4.4200,4140.0000
2024-04-18 10:00:00,4.5100,4.5600,4.5100,4.5200,18840.0000
2024-04-18 14:00:00,4.5225,4.5300,4.5000,4.5300,14262.0000
2024-04-19 06:00:00,4.5000,4.5000,4.5000,4.5000,3657.0000
2024-04-19 10:00:00,4.4901,4.5100,4.4550,4.4999,34924.0000
2024-04-19 14:00:00,4.4900,4.4900,4.4501,4.4501,9000.0000
2024-04-22 10:00:00,4.5380,4.5380,4.4901,4.5000,9396.0000
2024-04-22 14:00:00,4.5450,4.5500,4.5090,4.5300,12815.0000
2024-04-23 10:00:00,4.5502,4.5700,4.5101,4.5700,30414.0000
2024-04-23 14:00:00,4.5675,4.5900,4.5301,4.5900,9821.0000
2024-04-24 06:00:00,4.4801,4.4801,4.4801,4.4801,402.0000
2024-04-24 10:00:00,4.4900,4.5090,4.4500,4.4500,5802.0000
2024-04-24 14:00:00,4.5099,4.5200,4.4601,4.5200,24892.0000
2024-04-25 10:00:00,4.4600,4.4890,4.4300,4.4796,40765.0000
2024-04-25 14:00:00,4.4500,4.4799,4.4400,4.4760,11524.0000
2024-04-26 10:00:00,4.6200,4.6900,4.5901,4.6300,13014.0000
2024-04-26 14:00:00,4.6400,4.6500,4.6330,4.6400,3952.0000
2024-04-29 06:00:00,4.6700,4.6800,4.6699,4.6699,12150.0000
2024-04-29 10:00:00,4.6800,4.7100,4.6800,4.6800,17991.0000
2024-04-29 14:00:00,4.7000,4.7100,4.6800,4.7000,14932.0000
2024-04-30 10:00:00,4.6150,4.6700,4.5700,4.5950,9282.0000
2024-04-30 14:00:00,4.5900,4.6200,4.5500,4.5500,8051.0000
2024-05-01 06:00:00,4.6000,4.6000,4.6000,4.6000,190.0000
2024-05-01 10:00:00,4.5550,4.5800,4.4900,4.4900,2960.0000
2024-05-01 14:00:00,4.5700,4.6400,4.5601,4.6300,8344.0000
2024-05-02 10:00:00,4.5401,4.5600,4.5350,4.5599,17184.0000
2024-05-02 14:00:00,4.5405,4.5800,4.5301,4.5550,9760.0000
2024-05-03 10:00:00,4.7997,4.8000,4.7505,4.7750,11999.0000
2024-05-03 14:00:00,4.8000,4.8000,4.7501,4.8000,1764.0000
2024-05-06 06:00:00,4.8700,4.8700,4.8300,4.8300,1999.0000
2024-05-06 10:00:00,4.8100,4.8700,4.8100,4.8700,11767.0000
2024-05-06 14:00:00,4.8795,4.8795,4.8300,4.8420,1881.0000
2024-05-07 06:00:00,4.8480,4.8500,4.8480,4.8500,1215.0000
2024-05-07 10:00:00,4.8250,4.8700,4.8100,4.8100,8812.0000
2024-05-07 14:00:00,4.8000,4.8200,4.7900,4.8200,2158.0000
2024-05-08 06:00:00,5.3100,5.3200,5.2600,5.2600,8781.0000
2024-05-08 10:00:00,5.3200,5.4200,5.2900,5.2900,59298.0000
2024-05-08 14:00:00,5.2420,5.3400,5.2420,5.3000,12183.0000
2024-05-09 06:00:00,5.5500,5.5500,5.5500,5.5500,990.0000
2024-05-09 10:00:00,5.5500,5.6100,5.5000,5.5000,25639.0000
2024-05-09 14:00:00,5.6000,5.6300,5.5700,5.6300,5309.0000
2024-05-10 06:00:00,5.5100,5.5100,5.5045,5.5045,1408.0000
2024-05-10 10:00:00,5.4800,5.4800,5.3800,5.3801,3891.0000
2024-05-10 14:00:00,5.4250,5.4400,5.3860,5.4200,7372.0000
2024-05-13 06:00:00,5.4800,5.4800,5.4800,5.4800,112.0000
2024-05-13 10:00:00,5.4100,5.4299,5.3800,5.3800,8195.0000
2024-05-13 14:00:00,5.4000,5.4200,5.3800,5.4200,1997.0000
2024-05-14 10:00:00,5.5800,5.6000,5.5450,5.5450,8728.0000
2024-05-14 14:00:00,5.5365,5.5800,5.5365,5.5800,15133.0000
2024-05-15 10:00:00,5.6200,5.6600,5.5900,5.5901,12312.0000
2024-05-15 14:00:00,5.6150,5.6400,5.6150,5.6400,21217.0000
2024-05-16 06:00:00,5.5900,5.5900,5.5900,5.5900,240.0000
2024-05-16 10:00:00,5.5700,5.6300,5.5300,5.5650,4313.0000
2024-05-16 14:00:00,5.5440,5.5700,5.5200,5.5400,5519.0000
2024-05-17 10:00:00,5.5300,5.6200,5.4800,5.5677,5545.0000
2024-05-17 14:00:00,5.5375,5.5599,5.5290,5.5500,2351.0000
2024-05-20 06:00:00,5.4900,5.4900,5.4420,5.4500,1798.0000
2024-05-20 10:00:00,5.4500,5.4700,5.4000,5.4300,10789.0000
2024-05-20 14:00:00,5.4100,5.4400,5.4100,5.4100,5769.0000
2024-05-21 10:00:00,5.3700,5.3700,5.3400,5.3400,3494.0000
2024-05-21 14:00:00,5.3650,5.3800,5.3650,5.3800,5870.0000
2024-05-22 06:00:00,5.2000,5.3200,5.2000,5.3200,4500.0000
2024-05-22 10:00:00,5.3150,5.3300,5.2100,5.3150,18523.0000
2024-05-22 14:00:00,5.3050,5.3050,5.2801,5.3000,4916.0000
2024-05-23 06:00:00,4.9000,4.9000,4.9000,4.9000,963.0000
2024-05-23 10:00:00,5.1129,5.1600,5.1100,5.1600,7812.0000
2024-05-23 14:00:00,5.1600,5.1600,5.1000,5.1295,3293.0000
2024-05-24 06:00:00,5.1450,5.1450,5.1450,5.1450,100.0000
2024-05-24 10:00:00,5.1599,5.1599,5.0433,5.0660,5968.0000
2024-05-24 14:00:00,5.1400,5.1400,5.1100,5.1300,9883.0000
2024-05-28 06:00:00,5.1000,5.1000,5.1000,5.1000,225.0000
2024-05-28 10:00:00,5.0601,5.1000,5.0500,5.0999,15005.0000
2024-05-28 14:00:00,5.0600,5.0900,5.0600,5.0900,1797.0000
2024-05-29 06:00:00,5.0400,5.0400,5.0400,5.0400,420.0000
2024-05-29 10:00:00,5.0300,5.0500,4.9600,4.9600,6170.0000
2024-05-29 14:00:00,4.9950,5.0400,4.9300,5.0250,5997.0000
2024-05-30 06:00:00,5.1299,5.1299,5.1299,5.1299,625.0000
2024-05-30 10:00:00,5.1000,5.1800,5.0900,5.1100,1955.0000
2024-05-30 14:00:00,5.0400,5.1800,5.0400,5.1200,2401.0000
2024-05-31 10:00:00,5.1000,5.1300,5.0601,5.1200,15699.0000
2024-05-31 14:00:00,5.1800,5.1800,5.0601,5.1400,8565.0000
2024-06-03 06:00:00,5.1800,5.1800,5.1750,5.1750,560.0000
2024-06-03 10:00:00,5.1800,5.2500,5.1500,5.2500,4843.0000
2024-06-03 14:00:00,5.1560,5.1700,5.1500,5.1500,2621.0000
2024-06-04 10:00:00,5.1590,5.1590,5.1300,5.1300,6590.0000
2024-06-04 14:00:00,5.1100,5.1600,5.1100,5.1300,1834.0000
2024-06-05 10:00:00,5.0500,5.1000,5.0500,5.0500,34018.0000
2024-06-05 14:00:00,5.0725,5.0725,5.0500,5.0600,2311.0000
2024-06-06 06:00:00,5.1500,5.1500,5.1500,5.1500,496.0000
2024-06-06 10:00:00,5.1600,5.1600,5.0601,5.1200,2920.0000
2024-06-06 14:00:00,5.0801,5.1500,5.0801,5.1150,1326.0000
2024-06-07 10:00:00,5.0800,5.0900,5.0600,5.0600,4644.0000
2024-06-07 14:00:00,5.0800,5.0800,5.0640,5.0640,831.0000
2024-06-10 06:00:00,5.0600,5.0600,5.0000,5.0000,898.0000
2024-06-10 10:00:00,5.0199,5.0600,4.9701,5.0500,13196.0000
2024-06-10 14:00:00,5.0100,5.0200,5.0000,5.0020,3547.0000
2024-06-11 06:00:00,4.9700,4.9700,4.9700,4.9700,2850.0000
2024-06-11 10:00:00,4.9900,5.0000,4.9701,4.9900,4040.0000
2024-06-11 14:00:00,5.0050,5.0100,4.9900,5.0100,7220.0000
2024-06-12 10:00:00,5.0690,5.1080,5.0690,5.1080,1594.0000
2024-06-12 14:00:00,5.0800,5.0800,5.0300,5.0800,3192.0000
2024-06-13 06:00:00,4.8500,5.0300,4.8500,5.0300,459.0000
2024-06-13 10:00:00,5.0199,5.0199,4.9201,4.9500,11158.0000
2024-06-13 14:00:00,4.9200,4.9700,4.9200,4.9500,4865.0000
2024-06-14 10:00:00,4.7920,4.8299,4.7100,4.7670,3978.0000
2024-06-14 14:00:00,4.7100,4.8100,4.7100,4.7415,6381.0000
2024-06-17 10:00:00,4.7650,4.8299,4.7400,4.7800,7434.0000
2024-06-17 14:00:00,4.7901,4.8200,4.7901,4.8200,3926.0000
2024-06-18 06:00:00,4.7300,4.7700,4.6900,4.7100,1152.0000
2024-06-18 10:00:00,4.7400,4.7500,4.6900,4.7200,140781.0000
2024-06-18 14:00:00,4.7500,4.7500,4.6901,4.7300,4184.0000
2024-06-20 10:00:00,4.7050,4.7200,4.6600,4.7200,11253.0000
2024-06-20 14:00:00,4.6901,4.7200,4.6901,4.7050,1974.0000
2024-06-21 06:00:00,4.6800,4.6800,4.6800,4.6800,300.0000
2024-06-21 10:00:00,4.6399,4.7300,4.5400,4.6650,6936.0000
2024-06-21 14:00:00,4.6650,4.6800,4.6400,4.6400,5788.0000
2024-06-24 10:00:00,4.7499,4.7500,4.7000,4.7425,5009.0000
2024-06-24 14:00:00,4.7100,4.7400,4.7001,4.7400,3263.0000
2024-06-25 06:00:00,4.6500,4.6500,4.6500,4.6500,819.0000
2024-06-25 10:00:00,4.6460,4.6699,4.6400,4.6500,7322.0000
2024-06-25 14:00:00,4.6650,4.6700,4.5400,4.5400,15197.0000
2024-06-26 10:00:00,4.6500,4.6699,4.6301,4.6620,10262.0000
2024-06-26 14:00:00,4.6500,4.6700,4.6300,4.6552,30267.0000
2024-06-27 06:00:00,4.3800,4.6250,4.3800,4.6250,326.0000
2024-06-27 10:00:00,4.6499,4.6600,4.6467,4.6500,1114.0000
2024-06-27 14:00:00,4.6600,4.6800,4.6400,4.6800,3898.0000
2024-06-28 10:00:00,4.5701,4.5829,4.5201,4.5450,14848.0000
2024-06-28 14:00:00,4.5400,4.5700,4.5200,4.5500,11853.0000
2024-07-01 06:00:00,4.6800,4.6800,4.6800,4.6800,482.0000
2024-07-01 10:00:00,4.6660,4.6660,4.6300,4.6375,14836.0000
2024-07-01 14:00:00,4.6400,4.6600,4.6200,4.6450,16942.0000
2024-07-02 10:00:00,4.6000,4.6100,4.5800,4.6100,19555.0000
2024-07-02 14:00:00,4.6100,4.6500,4.6100,4.6200,9553.0000
2024-07-03 06:00:00,4.5920,4.5920,4.5920,4.5920,176.0000
2024-07-03 10:00:00,4.6450,4.6680,4.6360,4.6600,9597.0000
2024-07-05 06:00:00,4.6700,4.6700,4.6700,4.6700,100.0000
2024-07-05 10:00:00,4.6550,4.7100,4.6100,4.6600,8671.0000
2024-07-05 14:00:00,4.7099,4.7200,4.7000,4.7200,4870.0000
2024-07-08 06:00:00,4.6700,4.6700,4.6500,4.6500,200.0000
2024-07-08 10:00:00,4.6200,4.6300,4.5700,4.5850,4399.0000
2024-07-08 14:00:00,4.5925,4.6000,4.5775,4.5850,2574.0000
2024-07-09 06:00:00,4.5600,4.5600,4.5600,4.5600,5000.0000
2024-07-09 10:00:00,4.5501,4.5699,4.5390,4.5600,8347.0000
2024-07-09 14:00:00,4.5533,4.5625,4.5300,4.5400,1660.0000
2024-07-10 06:00:00,4.6200,4.6200,4.6200,4.6200,4100.0000
2024-07-10 10:00:00,4.6075,4.6270,4.6050,4.6050,4734.0000
2024-07-10 14:00:00,4.6150,4.6300,4.6000,4.6000,3916.0000
2024-07-11 06:00:00,4.6580,4.6580,4.6580,4.6580,2000.0000
2024-07-11 10:00:00,4.6600,4.6750,4.6300,4.6500,6129.0000
2024-07-11 14:00:00,4.6400,4.6700,4.6200,4.6700,6951.0000
2024-07-12 06:00:00,4.7400,4.7500,4.7400,4.7500,940.0000
2024-07-12 10:00:00,4.7560,4.8250,4.7560,4.8101,5261.0000
2024-07-12 14:00:00,4.8220,4.8399,4.8100,4.8120,6585.0000
2024-07-15 06:00:00,4.8200,4.8200,4.8200,4.8200,211.0000
2024-07-15 10:00:00,4.7401,4.8200,4.7401,4.8100,1850.0000
2024-07-15 14:00:00,4.7850,4.8000,4.7501,4.7900,1442.0000
2024-07-16 06:00:00,4.6500,4.6500,4.6500,4.6500,489.0000
2024-07-16 10:00:00,4.6850,4.8500,4.5801,4.7900,57135.0000
2024-07-16 14:00:00,4.7730,4.8100,4.7700,4.8100,2461.0000
2024-07-17 06:00:00,4.7582,4.7582,4.7582,4.7582,304.0000
2024-07-17 10:00:00,4.7701,4.8300,4.7601,4.7700,7731.0000
2024-07-17 14:00:00,4.8300,4.8300,4.8050,4.8050,960.0000
2024-07-18 06:00:00,4.7100,4.7100,4.7100,4.7100,600.0000
2024-07-18 10:00:00,4.8599,4.8700,4.8000,4.8400,10075.0000
2024-07-18 14:00:00,4.7950,4.8400,4.7501,4.7900,5130.0000
2024-07-19 10:00:00,4.7500,4.7900,4.7001,4.7001,87266.0000
2024-07-19 14:00:00,4.7899,4.7900,4.7450,4.7700,3625.0000
2024-07-22 10:00:00,4.8800,4.8900,4.7500,4.8400,7572.0000
2024-07-22 14:00:00,4.8750,4.8900,4.8300,4.8300,8547.0000
2024-07-23 10:00:00,4.7880,4.8100,4.7300,4.7501,13603.0000
2024-07-23 14:00:00,4.7501,4.8300,4.7500,4.8300,2493.0000
2024-07-24 10:00:00,4.8000,4.8200,4.7642,4.7815,13122.0000
2024-07-24 14:00:00,4.8200,4.8200,4.7850,4.8200,4558.0000
2024-07-25 10:00:00,4.6500,4.7700,4.6500,4.7700,66375.0000
2024-07-25 14:00:00,4.7525,4.7700,4.6900,4.7700,9838.0000
2024-07-26 10:00:00,4.8750,4.8780,4.8600,4.8750,5641.0000
2024-07-26 14:00:00,4.8900,4.9300,4.8850,4.9237,4786.0000
2024-07-29 06:00:00,4.9099,4.9099,4.9099,4.9099,123.0000
2024-07-29 10:00:00,4.9199,4.9300,4.8701,4.9240,9985.0000
2024-07-29 14:00:00,4.9300,4.9600,4.9000,4.9600,7167.0000
2024-07-30 06:00:00,4.9440,4.9440,4.9440,4.9440,2205.0000
2024-07-30 10:00:00,4.9300,4.9700,4.9000,4.9350,8877.0000
2024-07-30 14:00:00,4.9420,4.9800,4.9300,4.9800,3334.0000
2024-07-31 06:00:00,4.9800,4.9900,4.9501,4.9600,11484.0000
2024-07-31 10:00:00,4.9400,4.9700,4.9100,4.9700,85822.0000
2024-07-31 14:00:00,4.9599,4.9599,4.9000,4.9500,8386.0000
2024-08-01 10:00:00,4.8200,4.8600,4.8000,4.8100,22751.0000
2024-08-01 14:00:00,4.7800,4.8500,4.7800,4.8500,3123.0000
2024-08-02 10:00:00,4.7699,4.7699,4.6885,4.6900,11511.0000
2024-08-02 14:00:00,4.7300,4.7500,4.7100,4.7500,10872.0000
2024-08-05 06:00:00,4.4900,4.4900,4.4175,4.4520,1586.0000
2024-08-05 10:00:00,4.5140,4.5900,4.5140,4.5600,17997.0000
2024-08-05 14:00:00,4.5650,4.5800,4.5400,4.5700,8398.0000
2024-08-06 06:00:00,4.2800,4.5000,4.2800,4.5000,2624.0000
2024-08-06 10:00:00,4.5200,4.5500,4.4800,4.5020,25347.0000
2024-08-06 14:00:00,4.5094,4.5299,4.4800,4.4800,12715.0000
2024-08-07 06:00:00,4.1000,4.1000,3.9000,3.9600,1873.0000
2024-08-07 10:00:00,3.9800,4.0100,3.6480,3.9500,51538.0000
2024-08-07 14:00:00,3.9535,3.9800,3.9300,3.9300,9143.0000
2024-08-08 06:00:00,3.8100,3.8400,3.8100,3.8399,259317.0000
2024-08-08 10:00:00,3.8301,3.8750,3.8301,3.8650,42497.0000
2024-08-08 14:00:00,3.8699,3.8800,3.8600,3.8600,18593.0000
2024-08-09 06:00:00,3.6200,3.7900,3.6200,3.7180,26941.0000
2024-08-09 10:00:00,3.7100,3.8000,3.7001,3.7850,37151.0000
2024-08-09 14:00:00,3.8000,3.8000,3.7700,3.8000,7310.0000
2024-08-12 06:00:00,3.8400,3.8400,3.8300,3.8300,3291.0000
2024-08-12 10:00:00,3.8200,3.8298,3.7600,3.7700,34946.0000
2024-08-12 14:00:00,3.7650,3.8200,3.7500,3.8200,6548.0000
2024-08-13 06:00:00,3.8750,3.8750,3.8750,3.8750,505.0000
2024-08-13 10:00:00,3.8800,3.9500,3.8800,3.9500,44446.0000
2024-08-13 14:00:00,3.9350,3.9600,3.9300,3.9300,29696.0000
2024-08-14 06:00:00,4.0800,4.0800,4.0600,4.0600,3665.0000
2024-08-14 10:00:00,4.0450,4.0600,3.9800,3.9800,118435.0000
2024-08-14 14:00:00,3.9950,4.0000,3.9800,3.9800,7033.0000
2024-08-15 10:00:00,4.0200,4.0600,4.0000,4.0500,38943.0000
2024-08-15 14:00:00,4.0300,4.0500,4.0100,4.0200,9057.0000
2024-08-16 10:00:00,4.0101,4.0299,3.9607,4.0299,15003.0000
2024-08-16 14:00:00,4.0250,4.0300,4.0100,4.0100,8523.0000
2024-08-19 10:00:00,4.0820,4.1300,4.0801,4.1060,37756.0000
2024-08-19 14:00:00,4.0801,4.1300,4.0800,4.0800,11932.0000
2024-08-20 10:00:00,4.0920,4.0920,4.0601,4.0800,15168.0000
2024-08-20 14:00:00,4.0501,4.1000,4.0500,4.0600,9106.0000
2024-08-21 06:00:00,4.0800,4.0800,4.0800,4.0800,15876.0000
2024-08-21 10:00:00,4.0950,4.0950,4.0950,4.0950,1517.0000
2024-08-21 14:00:00,4.1200,4.1200,4.0800,4.1100,5678.0000
2024-08-22 06:00:00,4.0500,4.0500,4.0500,4.0500,2642.0000
2024-08-23 06:00:00,4.0600,4.0600,4.0600,4.0600,113.0000
2024-08-23 10:00:00,4.1350,4.1500,4.1100,4.1100,1797.0000
2024-08-23 14:00:00,4.1300,4.1450,4.1200,4.1200,7529.0000
2024-08-26 06:00:00,4.1150,4.1150,4.1150,4.1150,3810.0000
2024-08-26 10:00:00,4.1300,4.1430,4.1000,4.1000,16460.0000
2024-08-26 14:00:00,4.1150,4.1399,4.1000,4.1000,5931.0000
2024-08-27 06:00:00,4.0800,4.0800,4.0800,4.0800,391.0000
2024-08-27 10:00:00,4.2800,4.2800,4.1900,4.2500,10627.0000
2024-08-27 14:00:00,4.2700,4.2900,4.2400,4.2408,19470.0000
2024-08-28 06:00:00,4.2201,4.2201,4.2201,4.2201,321.0000
2024-08-28 10:00:00,4.2400,4.2400,4.1500,4.1500,15648.0000
2024-08-28 14:00:00,4.1500,4.1800,4.1500,4.1500,6304.0000
2024-08-29 06:00:00,4.1650,4.1650,4.1650,4.1650,1185.0000
2024-08-29 10:00:00,4.2000,4.2600,4.1501,4.1700,17186.0000
2024-08-29 14:00:00,4.1925,4.2400,4.1701,4.1750,6479.0000
2024-08-30 10:00:00,4.3100,4.3100,4.2305,4.2550,40909.0000
2024-08-30 14:00:00,4.2675,4.2675,4.2400,4.2400,19221.0000
2024-09-03 06:00:00,4.3000,4.3000,4.3000,4.3000,937.0000
2024-09-03 10:00:00,4.2599,4.2760,4.2300,4.2620,9226.0000
2024-09-03 14:00:00,4.2400,4.2900,4.2400,4.2400,18921.0000
2024-09-04 06:00:00,4.2400,4.2550,4.2400,4.2550,9540.0000
2024-09-04 10:00:00,4.3000,4.3300,4.2900,4.3105,56711.0000
2024-09-04 14:00:00,4.3000,4.3300,4.3000,4.3000,9848.0000
2024-09-05 06:00:00,4.3550,4.3550,4.3550,4.3550,229.0000
2024-09-05 10:00:00,4.3450,4.3450,4.2600,4.3050,18719.0000
2024-09-05 14:00:00,4.3210,4.3300,4.2900,4.2900,17613.0000
2024-09-06 06:00:00,4.2850,4.2850,4.2850,4.2850,754.0000
2024-09-06 10:00:00,4.2701,4.2701,4.2500,4.2600,6358.0000
2024-09-06 14:00:00,4.2899,4.2899,4.2401,4.2800,14522.0000
2024-09-09 10:00:00,4.2800,4.3399,4.2800,4.3125,41071.0000
2024-09-09 14:00:00,4.2940,4.3200,4.2800,4.3040,13426.0000
2024-09-10 10:00:00,4.2180,4.2690,4.1900,4.1900,26212.0000
2024-09-10 14:00:00,4.1900,4.2100,4.1700,4.2000,17958.0000
2024-09-11 06:00:00,4.1600,4.1600,4.1600,4.1600,4553.0000
2024-09-11 10:00:00,4.1300,4.1700,4.1001,4.1600,36855.0000
2024-09-11 14:00:00,4.1572,4.1800,4.1400,4.1400,16480.0000
2024-09-12 06:00:00,4.1200,4.1200,4.0950,4.0950,7154.0000
2024-09-12 10:00:00,4.1250,4.1700,4.0601,4.1699,37877.0000
2024-09-12 14:00:00,4.1600,4.1699,4.1400,4.1500,20009.0000
2024-09-13 06:00:00,4.0300,4.0300,4.0300,4.0300,101.0000
2024-09-13 10:00:00,4.2050,4.2400,4.1500,4.1500,9861.0000
2024-09-13 14:00:00,4.1500,4.2200,4.1500,4.1500,5591.0000
2024-09-16 06:00:00,4.1170,4.3200,4.1170,4.3100,2384.0000
2024-09-16 10:00:00,4.2150,4.2400,4.1900,4.2400,113002.0000
2024-09-16 14:00:00,4.2400,4.2400,4.2100,4.2400,20088.0000
2024-09-17 06:00:00,4.1300,4.1300,4.1300,4.1300,622.0000
2024-09-17 10:00:00,4.2101,4.2299,4.1700,4.1700,18566.0000
2024-09-17 14:00:00,4.1850,4.1900,4.1700,4.1900,7495.0000
2024-09-18 10:00:00,4.1301,4.1399,4.1100,4.1100,5462.0000
2024-09-18 14:00:00,4.1200,4.1400,4.0900,4.1100,16214.0000
2024-09-19 06:00:00,4.2100,4.2100,4.2100,4.2100,208.0000
2024-09-19 10:00:00,4.1600,4.1800,4.1401,4.1648,17294.0000
2024-09-19 14:00:00,4.1800,4.1800,4.1200,4.1201,27969.0000
2024-09-20 06:00:00,3.9900,3.9900,3.9399,3.9399,1333.0000
2024-09-20 10:00:00,3.9205,3.9295,3.8852,3.8900,20775.0000
2024-09-20 14:00:00,3.8900,3.9100,3.8801,3.9100,26197.0000
2024-09-23 06:00:00,3.8600,3.8800,3.8600,3.8800,1163.0000
2024-09-23 10:00:00,3.8670,3.8960,3.8500,3.8800,30163.0000
2024-09-23 14:00:00,3.8600,3.9000,3.8600,3.8880,21767.0000
2024-09-24 06:00:00,4.0000,4.0200,4.0000,4.0200,2478.0000
2024-09-24 10:00:00,4.0200,4.0200,3.9200,3.9950,31467.0000
2024-09-24 14:00:00,4.0099,4.0100,3.9801,4.0100,26650.0000
2024-09-25 10:00:00,4.1000,4.1100,4.0550,4.0650,9881.0000
2024-09-25 14:00:00,4.0370,4.0800,4.0370,4.0400,11105.0000
2024-09-26 06:00:00,4.2300,4.2400,4.2300,4.2400,200.0000
2024-09-26 10:00:00,4.2100,4.2200,4.1300,4.1600,8835.0000
2024-09-26 14:00:00,4.1410,4.1800,4.1400,4.1700,12449.0000
2024-09-27 06:00:00,4.2650,4.2800,4.2600,4.2600,3035.0000
2024-09-27 10:00:00,4.2410,4.2700,4.2200,4.2450,28953.0000
2024-09-27 14:00:00,4.2201,4.2700,4.2200,4.2700,9127.0000
2024-09-30 06:00:00,4.2200,4.2300,4.2200,4.2300,500.0000
2024-09-30 10:00:00,4.2150,4.2150,4.1200,4.1200,10614.0000
2024-09-30 14:00:00,4.1400,4.1430,4.1300,4.1400,10562.0000
2024-10-01 06:00:00,4.1400,4.1400,4.1400,4.1400,100.0000
2024-10-01 10:00:00,4.1350,4.1400,4.0944,4.1040,5758.0000
2024-10-01 14:00:00,4.1300,4.1375,4.1000,4.1000,7885.0000
2024-10-02 06:00:00,4.0600,4.0730,4.0600,4.0730,203.0000
2024-10-02 10:00:00,4.0500,4.0650,3.9701,4.0580,15370.0000
2024-10-02 14:00:00,4.0486,4.0600,4.0400,4.0600,4827.0000
2024-10-03 10:00:00,4.0150,4.0225,3.9900,4.0025,6738.0000
2024-10-03 14:00:00,4.0100,4.0250,3.9700,3.9800,25239.0000
2024-10-04 06:00:00,4.0100,4.0100,4.0100,4.0100,200.0000
2024-10-04 10:00:00,4.0100,4.0400,3.9200,4.0270,109164.0000
2024-10-04 14:00:00,4.0230,4.0400,4.0200,4.0200,4689.0000
2024-10-07 06:00:00,4.0200,4.0200,3.9900,3.9900,600.0000
2024-10-07 10:00:00,3.9900,4.0400,3.9900,4.0399,13135.0000
2024-10-07 14:00:00,4.0100,4.0100,3.9900,4.0000,23677.0000
2024-10-09 06:00:00,4.0700,4.0700,3.9500,3.9500,1360.0000
2024-10-09 10:00:00,3.9200,3.9400,3.9100,3.9400,26394.0000
2024-10-09 14:00:00,3.9400,3.9500,3.9300,3.9300,18833.0000
2024-10-10 10:00:00,3.9099,3.9600,3.8600,3.9000,27590.0000
2024-10-10 14:00:00,3.9001,3.9300,3.8900,3.9300,39204.0000
2024-10-11 10:00:00,3.9100,3.9300,3.9100,3.9250,39609.0000
2024-10-11 14:00:00,3.9270,3.9300,3.9100,3.9100,22613.0000
2024-10-14 10:00:00,3.8940,3.9199,3.8740,3.8920,23259.0000
2024-10-14 14:00:00,3.8900,3.9200,3.8600,3.9200,11043.0000
2024-10-15 10:00:00,4.0700,4.2400,4.0400,4.1130,33875.0000
2024-10-15 14:00:00,4.1050,4.1100,4.0400,4.0700,32055.0000
2024-10-16 06:00:00,4.2200,4.2350,4.2200,4.2350,1000.0000
2024-10-16 10:00:00,4.2200,4.2399,4.1800,4.1901,20776.0000
2024-10-16 14:00:00,4.2150,4.2200,4.1900,4.2100,23110.0000
2024-10-17 10:00:00,4.2799,4.2799,4.1400,4.1840,146479.0000
2024-10-17 14:00:00,4.1900,4.2100,4.1600,4.1900,15147.0000
2024-10-18 06:00:00,4.2000,4.2400,4.2000,4.2330,11953.0000
2024-10-18 10:00:00,4.2000,4.2500,4.2000,4.2500,10599.0000
2024-10-18 14:00:00,4.2250,4.2500,4.2200,4.2500,8628.0000
2024-10-21 10:00:00,4.2600,4.2600,4.2300,4.2450,10366.0000
2024-10-21 14:00:00,4.2475,4.2600,4.2400,4.2540,16022.0000
2024-10-22 10:00:00,4.2001,4.2700,4.2001,4.2001,14724.0000
2024-10-22 14:00:00,4.2385,4.2630,4.2018,4.2599,21930.0000
2024-10-23 06:00:00,4.1100,4.1100,4.1100,4.1100,226.0000
2024-10-23 10:00:00,4.1750,4.2000,4.1400,4.1401,23056.0000
2024-10-23 14:00:00,4.1400,4.1700,4.1400,4.1700,11160.0000
2024-10-24 06:00:00,4.3500,4.3500,4.3500,4.3500,100.0000
2024-10-24 10:00:00,4.3300,4.3500,4.2910,4.3300,28603.0000
2024-10-24 14:00:00,4.3101,4.3300,4.3100,4.3250,42483.0000
2024-10-25 06:00:00,4.4900,4.5250,4.4900,4.5250,2893.0000
2024-10-25 10:00:00,4.5100,4.5585,4.5001,4.5001,784207.0000
2024-10-25 14:00:00,4.5001,4.5599,4.5000,4.5400,11943.0000
2024-10-28 06:00:00,4.6650,4.6700,4.6550,4.6600,3450.0000
2024-10-28 10:00:00,4.6500,4.6700,4.6150,4.6190,16857.0000
2024-10-28 14:00:00,4.6220,4.6400,4.6200,4.6400,8920.0000
2024-10-29 10:00:00,4.5700,4.5899,4.5600,4.5750,31709.0000
2024-10-29 14:00:00,4.5500,4.5900,4.5500,4.5600,6364.0000
2024-10-30 06:00:00,4.4901,4.4901,4.4900,4.4900,1738.0000
2024-10-30 10:00:00,4.5001,4.5599,4.5000,4.5400,7803.0000
2024-10-30 14:00:00,4.5200,4.5200,4.4800,4.5080,4234.0000
2024-10-31 06:00:00,4.4789,4.4789,4.4789,4.4789,10244.0000
2024-10-31 10:00:00,4.4800,4.5000,4.4500,4.4700,32932.0000
2024-10-31 14:00:00,4.4850,4.5000,4.4700,4.4800,33599.0000
2024-11-01 06:00:00,4.5900,4.6000,4.5800,4.5800,6469.0000
2024-11-01 10:00:00,4.6200,4.6900,4.6062,4.6300,3783.0000
2024-11-01 14:00:00,4.6050,4.6300,4.5800,4.5800,25384.0000
2024-11-04 09:00:00,4.6150,4.6150,4.5100,4.5300,20672.0000
2024-11-04 13:00:00,4.5401,4.5700,4.5400,4.5600,52005.0000
2024-11-05 09:00:00,4.5400,4.6100,4.5400,4.6000,51973.0000
2024-11-05 13:00:00,4.5950,4.5950,4.5700,4.5700,38738.0000
2024-11-06 09:00:00,4.5300,4.6400,4.5300,4.6020,17469.0000
2024-11-06 13:00:00,4.6220,4.6500,4.5501,4.6500,19425.0000
2024-11-07 09:00:00,4.9100,4.9300,4.8501,4.8701,23887.0000
2024-11-07 13:00:00,4.9099,4.9200,4.8700,4.9200,51076.0000
2024-11-08 09:00:00,4.8600,4.9099,4.8300,4.8460,18311.0000
2024-11-08 13:00:00,4.8101,4.8800,4.8101,4.8700,14931.0000
2024-11-11 09:00:00,4.9840,4.9999,4.9600,4.9800,22227.0000
2024-11-11 13:00:00,4.9920,4.9920,4.9701,4.9900,19660.0000
2024-11-12 09:00:00,4.8250,4.8500,4.8200,4.8250,60283.0000
2024-11-12 13:00:00,4.8250,4.8600,4.8250,4.8600,14539.0000
2024-11-13 09:00:00,4.8100,4.8899,4.7801,4.8420,26523.0000
2024-11-13 13:00:00,4.8600,4.8700,4.8301,4.8700,49634.0000
2024-11-14 09:00:00,4.8350,4.8800,4.8200,4.8320,36326.0000
2024-11-14 13:00:00,4.8340,4.8500,4.7901,4.8155,35433.0000
2024-11-15 09:00:00,4.7901,4.9599,4.7901,4.8201,13972.0000
2024-11-15 13:00:00,4.9100,4.9100,4.8200,4.8700,47904.0000
2024-11-18 09:00:00,4.9401,4.9600,4.8700,4.8700,22544.0000
2024-11-18 13:00:00,4.9150,4.9600,4.8950,4.8950,16180.0000
2024-11-19 09:00:00,4.7801,4.8599,4.7800,4.8599,18074.0000
2024-11-19 13:00:00,4.8250,4.8400,4.7901,4.8400,27338.0000
2024-11-20 09:00:00,4.7701,4.7701,4.6901,4.7000,9365.0000
2024-11-20 13:00:00,4.7001,4.7400,4.7001,4.7260,21580.0000
2024-11-21 09:00:00,4.5499,4.6099,4.5401,4.5785,25969.0000
2024-11-21 13:00:00,4.6100,4.6100,4.5700,4.5900,16244.0000
2024-11-22 09:00:00,4.4600,4.5599,4.4301,4.4900,32526.0000
2024-11-22 13:00:00,4.5000,4.5500,4.5000,4.5400,134926.0000
2024-11-25 09:00:00,4.5900,4.6600,4.5501,4.6250,1109445.0000
2024-11-25 13:00:00,4.6200,4.8300,4.6150,4.6700,1563899.0000
2024-11-26 09:00:00,4.8200,4.8200,4.6500,4.6800,393191.0000
2024-11-26 13:00:00,4.6750,4.6900,4.6500,4.6900,186296.0000
2024-11-27 09:00:00,4.6001,4.6775,4.6000,4.6100,57727.0000
2024-11-27 13:00:00,4.6250,4.6400,4.6200,4.6300,11815.0000
2024-11-29 09:00:00,4.6099,4.6600,4.5801,4.6600,25161.0000
2024-12-02 09:00:00,4.4600,4.4999,4.3900,4.4800,37577.0000
2024-12-02 13:00:00,4.4701,4.5000,4.4700,4.5000,54661.0000
2024-12-03 09:00:00,4.4700,4.5200,4.4301,4.4580,54249.0000
2024-12-03 13:00:00,4.4638,4.4900,4.4500,4.4900,24533.0000
2024-12-04 09:00:00,4.5300,4.6300,4.4601,4.6100,65660.0000
2024-12-04 13:00:00,4.6100,4.6300,4.6000,4.6300,21493.0000
2024-12-05 09:00:00,4.7500,4.8200,4.7400,4.7850,464177.0000
2024-12-05 13:00:00,4.7850,4.8200,4.7600,4.7600,296644.0000
2024-12-09 09:00:00,4.9400,4.9400,4.8400,4.8600,1449237.0000
2024-12-09 13:00:00,4.8500,4.8700,4.8201,4.8500,120803.0000
2024-12-10 09:00:00,4.9399,4.9399,4.7800,4.8400,33361.0000
2024-12-10 13:00:00,4.8150,4.8400,4.8000,4.8400,30039.0000
2024-12-11 09:00:00,4.7800,4.8400,4.7600,4.8400,63671.0000
2024-12-11 13:00:00,4.8300,4.8400,4.8100,4.8400,66947.0000
2024-12-12 09:00:00,4.8500,4.9000,4.8500,4.8850,26975.0000
2024-12-12 13:00:00,4.8900,4.9000,4.8600,4.8700,26957.0000
2024-12-13 09:00:00,4.9900,4.9900,4.7586,4.7701,274515.0000
2024-12-13 13:00:00,4.7850,4.8000,4.7700,4.8000,20362.0000
2024-12-16 09:00:00,4.6301,4.7300,4.6301,4.7200,62625.0000
2024-12-16 13:00:00,4.7200,4.7300,4.6901,4.7300,42824.0000
2024-12-17 09:00:00,4.6701,4.8200,4.6500,4.6900,36807.0000
2024-12-17 13:00:00,4.6800,4.7000,4.6600,4.6900,40895.0000
2024-12-18 09:00:00,4.6700,4.7900,4.6700,4.7400,42989.0000
2024-12-18 13:00:00,4.7001,4.7400,4.5900,4.6300,43670.0000
2024-12-19 09:00:00,4.6001,4.6800,4.6000,4.6500,96802.0000
2024-12-19 13:00:00,4.6500,4.6500,4.6100,4.6500,61396.0000
2024-12-20 09:00:00,4.5801,4.7300,4.5801,4.7100,98343.0000
2024-12-20 13:00:00,4.6900,4.7300,4.6806,4.7100,43370.0000
2024-12-23 09:00:00,4.6800,4.7300,4.6100,4.6800,105886.0000
2024-12-23 13:00:00,4.6799,4.6900,4.6500,4.6900,64518.0000
2024-12-24 09:00:00,4.5101,4.8400,4.5100,4.7400,28859.0000
2024-12-26 09:00:00,4.7125,4.7500,4.6900,4.7200,28569.0000
2024-12-26 13:00:00,4.7200,4.7400,4.7000,4.7120,13059.0000
2024-12-27 09:00:00,4.6940,4.7199,4.6300,4.6420,40955.0000
2024-12-27 13:00:00,4.6500,4.6700,4.6320,4.6700,23643.0000
2024-12-30 09:00:00,4.4800,4.5399,4.4800,4.5300,236902.0000
2024-12-30 13:00:00,4.5260,4.5600,4.5100,4.5600,74830.0000
2024-12-31 09:00:00,4.4500,4.6100,4.4500,4.5200,61659.0000
2024-12-31 13:00:00,4.5100,4.5300,4.4900,4.5300,52609.0000
2025-01-02 09:00:00,4.4400,4.5100,4.4400,4.4800,35409.0000
2025-01-02 13:00:00,4.4590,4.4900,4.4575,4.4800,104044.0000
2025-01-03 09:00:00,4.4500,4.4899,4.3850,4.4600,100864.0000
2025-01-03 13:00:00,4.4350,4.4500,4.4200,4.4200,23950.0000
2025-01-06 09:00:00,4.5200,4.6999,4.5200,4.5999,247530.0000
2025-01-06 13:00:00,4.5899,4.5899,4.5500,4.5700,36365.0000
2025-01-07 09:00:00,4.3000,4.5199,4.3000,4.4900,134304.0000
2025-01-07 13:00:00,4.4950,4.5100,4.4600,4.4800,36006.0000
2025-01-08 09:00:00,4.4599,4.4599,4.3450,4.3600,24168.0000
2025-01-08 13:00:00,4.3700,4.3800,4.3600,4.3600,14407.0000
2025-01-10 09:00:00,4.2701,4.3700,4.2700,4.3599,44002.0000
2025-01-10 13:00:00,4.3599,4.3600,4.3150,4.3300,109175.0000
2025-01-13 09:00:00,4.2600,4.2699,4.1800,4.2200,112250.0000
2025-01-13 13:00:00,4.1950,4.2200,4.1901,4.2200,61848.0000
2025-01-15 09:00:00,4.2700,4.2750,4.2225,4.2550,16911.0000
2025-01-15 13:00:00,4.2350,4.2500,4.2100,4.2300,17492.0000
2025-01-16 09:00:00,4.1400,4.1599,4.0950,4.1210,125137.0000
2025-01-16 13:00:00,4.1101,4.1400,4.1100,4.1400,163038.0000
2025-01-17 09:00:00,4.1100,4.1700,4.0900,4.1100,248546.0000
2025-01-17 13:00:00,4.1180,4.1300,4.0900,4.1000,17016.0000
2025-01-21 09:00:00,4.1100,4.2100,4.1100,4.1899,186329.0000
2025-01-21 13:00:00,4.1870,4.2000,4.1600,4.2000,97263.0000
2025-01-22 09:00:00,4.2450,4.3200,3.8400,4.0640,217301.0000
2025-01-22 13:00:00,4.0600,4.0600,3.8400,3.9000,297758.0000
2025-01-23 09:00:00,3.4300,3.4300,3.2810,3.3500,227908.0000
2025-01-23 13:00:00,3.3500,3.3600,3.3300,3.3300,146442.0000
2025-01-24 05:00:00,3.5200,3.5200,3.5200,3.5200,135.0000
2025-01-24 09:00:00,3.3300,3.3700,3.3000,3.3100,89196.0000
2025-01-24 13:00:00,3.3250,3.3300,3.3000,3.3000,44991.0000
2025-01-27 09:00:00,3.3000,3.3200,3.2700,3.2800,216269.0000
2025-01-27 13:00:00,3.2800,3.2900,3.2700,3.2800,231449.0000
2025-01-28 09:00:00,3.2300,3.3500,3.2210,3.2400,73945.0000
2025-01-28 13:00:00,3.2600,3.2900,3.2400,3.2600,43851.0000
2025-01-29 09:00:00,3.3000,3.3000,3.1800,3.2000,177593.0000
2025-01-29 13:00:00,3.2000,3.2100,3.1800,3.2041,114662.0000
2025-01-30 09:00:00,3.1500,3.2100,3.1400,3.1800,232177.0000
2025-01-30 13:00:00,3.1800,3.2100,3.1600,3.1800,130221.0000
2025-01-31 09:00:00,3.1201,3.1600,3.1100,3.1200,57389.0000
2025-01-31 13:00:00,3.1400,3.1500,3.0800,3.0900,124704.0000
2025-02-03 05:00:00,3.1200,3.1200,3.0800,3.0800,592.0000
2025-02-03 09:00:00,2.9600,3.0200,2.9200,2.9500,227663.0000
2025-02-03 13:00:00,2.9540,2.9900,2.9500,2.9700,258299.0000
2025-02-04 09:00:00,2.9400,3.0125,2.9400,2.9900,46908.0000
2025-02-04 13:00:00,2.9750,3.0000,2.9600,2.9700,74244.0000
2025-02-05 09:00:00,2.9600,3.0100,2.9600,3.0100,82538.0000
2025-02-05 13:00:00,3.0100,3.0100,2.9800,2.9900,34548.0000
2025-02-06 09:00:00,3.0000,3.0900,2.9975,3.0500,77995.0000
2025-02-06 13:00:00,3.0200,3.0500,3.0200,3.0200,146899.0000
2025-02-07 09:00:00,2.9700,2.9700,2.8600,2.8900,51367.0000
2025-02-07 13:00:00,2.8900,2.9000,2.8600,2.8800,70499.0000
2025-02-10 09:00:00,2.9050,2.9700,2.8975,2.9420,182000.0000
2025-02-10 13:00:00,2.9500,2.9600,2.9400,2.9500,25682.0000
2025-02-11 09:00:00,2.9300,3.0200,2.9300,2.9900,78859.0000
2025-02-11 13:00:00,2.9900,3.0000,2.9800,2.9900,28511.0000
2025-02-12 09:00:00,2.9800,3.1100,2.9800,3.1100,99374.0000
2025-02-12 13:00:00,3.1000,3.1100,3.0800,3.1000,81735.0000
2025-02-13 09:00:00,3.1300,3.1300,3.0900,3.1200,1356948.0000
2025-02-13 13:00:00,3.1200,3.1400,3.0900,3.1300,2027192.0000
2025-02-14 09:00:00,3.1499,3.1499,3.0800,3.1100,146378.0000
2025-02-14 13:00:00,3.1100,3.1200,3.0900,3.1200,338375.0000
2025-02-18 09:00:00,2.9800,3.0600,2.9800,3.0375,231110.0000
2025-02-18 13:00:00,3.0300,3.0500,3.0200,3.0200,126807.0000
2025-02-19 09:00:00,2.9999,2.9999,2.9200,2.9800,94379.0000
2025-02-19 13:00:00,2.9600,2.9900,2.9600,2.9900,21787.0000
2025-02-20 09:00:00,2.9470,2.9800,2.9000,2.9320,26217.0000
2025-02-20 13:00:00,2.9800,2.9900,2.9296,2.9900,34086.0000
2025-02-21 09:00:00,2.8801,3.0000,2.8801,2.9400,175269.0000
2025-02-21 13:00:00,2.9400,3.0000,2.9200,3.0000,50488.0000
2025-02-24 09:00:00,3.0525,3.0900,3.0200,3.0900,116015.0000
2025-02-24 13:00:00,3.0900,3.0900,3.0500,3.0700,26451.0000
2025-02-25 09:00:00,3.1000,3.1200,3.0700,3.1200,116274.0000
2025-02-25 13:00:00,3.1200,3.1400,3.1000,3.1300,12591.0000
2025-02-26 09:00:00,3.0300,3.1300,3.0300,3.0701,62615.0000
2025-02-26 13:00:00,3.0725,3.0800,3.0400,3.0700,80688.0000
2025-02-27 09:00:00,2.9700,3.0400,2.9700,3.0300,267519.0000
2025-02-27 13:00:00,3.0400,3.0500,2.9900,3.0200,59481.0000
2025-02-28 09:00:00,2.9000,2.9700,2.9000,2.9500,94550.0000
2025-02-28 13:00:00,2.9400,2.9600,2.9100,2.9600,45742.0000
2025-03-03 09:00:00,2.9200,3.0100,2.9200,3.0000,295448.0000
2025-03-03 13:00:00,3.0100,3.0100,2.9400,2.9700,62663.0000
2025-03-04 09:00:00,2.8600,2.8800,2.8000,2.8700,52882.0000
2025-03-04 13:00:00,2.8613,2.9600,2.8613,2.9300,41647.0000
2025-03-05 09:00:00,2.9650,3.0400,2.9650,3.0000,38116.0000
2025-03-05 13:00:00,3.0000,3.0400,2.9900,3.0400,59957.0000
2025-03-06 09:00:00,3.0501,3.1700,3.0501,3.1700,317172.0000
2025-03-06 13:00:00,3.1400,3.1700,3.1100,3.1200,36824.0000
2025-03-07 09:00:00,3.1350,3.1590,3.0850,3.0900,32058.0000
2025-03-07 13:00:00,3.1000,3.1600,3.1000,3.1600,8813.0000
2025-03-10 06:00:00,3.2099,3.2099,3.1950,3.2000,1549.0000
2025-03-10 10:00:00,3.1850,3.2375,3.1666,3.2000,258931.0000
2025-03-10 14:00:00,3.2000,3.2100,3.1700,3.2000,67201.0000
2025-03-11 06:00:00,3.1601,3.2000,3.1601,3.2000,2831.0000
2025-03-11 10:00:00,3.1700,3.1700,2.8900,3.0000,76413.0000
2025-03-11 14:00:00,2.9500,2.9900,2.8400,2.8500,351929.0000
2025-03-12 06:00:00,2.4200,2.4200,2.3300,2.3700,66278.0000
2025-03-12 10:00:00,2.3735,2.4675,2.3500,2.4400,88870.0000
2025-03-12 14:00:00,2.4400,2.5000,2.3900,2.4100,2061032.0000
2025-03-13 06:00:00,2.3700,2.3700,2.3300,2.3300,68888.0000
2025-03-13 10:00:00,2.3495,2.3800,2.3400,2.3401,224903.0000
2025-03-13 14:00:00,2.3401,2.3600,2.3400,2.3400,121896.0000
2025-03-14 06:00:00,2.4300,2.4400,2.4101,2.4300,8823.0000
2025-03-14 10:00:00,2.4300,2.4400,2.3600,2.3900,382764.0000
2025-03-14 14:00:00,2.3845,2.4000,2.3700,2.4000,49329.0000
2025-03-17 06:00:00,2.4100,2.4425,2.4100,2.4425,12359.0000
2025-03-17 10:00:00,2.4550,2.5100,2.4475,2.5000,242630.0000
2025-03-17 14:00:00,2.4700,2.5100,2.4700,2.4800,270799.0000
2025-03-18 06:00:00,2.5401,2.5800,2.5210,2.5210,19241.0000
2025-03-18 10:00:00,2.5300,2.5900,2.5201,2.5900,202383.0000
2025-03-18 14:00:00,2.5750,2.5900,2.5600,2.5800,64954.0000
2025-03-19 06:00:00,2.5900,2.5900,2.5710,2.5710,2632.0000
2025-03-19 10:00:00,2.5835,2.6000,2.5500,2.5800,1710081.0000
2025-03-19 14:00:00,2.5650,2.6000,2.5500,2.5800,37174.0000
2025-03-20 06:00:00,2.5100,2.5150,2.5100,2.5150,2481.0000
2025-03-20 10:00:00,2.5250,2.5600,2.5250,2.5325,23646.0000
2025-03-20 14:00:00,2.5325,2.5500,2.5300,2.5500,13135.0000
2025-03-21 06:00:00,2.4301,2.4800,2.4301,2.4500,28512.0000
2025-03-21 10:00:00,2.4725,2.5400,2.4500,2.5200,68175.0000
2025-03-21 14:00:00,2.5100,2.5400,2.5000,2.5400,12923.0000
2025-03-24 06:00:00,2.5300,2.5300,2.4700,2.5200,16272.0000
2025-03-24 10:00:00,2.5125,2.5500,2.5108,2.5400,124989.0000
2025-03-24 14:00:00,2.5300,2.5400,2.5100,2.5400,30921.0000
2025-03-25 06:00:00,2.5600,2.5900,2.5600,2.5800,11235.0000
2025-03-25 10:00:00,2.5800,2.5900,2.5400,2.5600,36770.0000
2025-03-25 14:00:00,2.5500,2.5800,2.5400,2.5800,34813.0000
2025-03-26 06:00:00,2.6600,2.6600,2.5050,2.5050,10725.0000
2025-03-26 10:00:00,2.5001,2.5400,2.5001,2.5070,17615.0000
2025-03-26 14:00:00,2.5100,2.5200,2.5000,2.5200,10557.0000
2025-03-27 06:00:00,2.4400,2.4900,2.4400,2.4750,18993.0000
2025-03-27 10:00:00,2.5000,2.5300,2.4801,2.5110,38956.0000
2025-03-27 14:00:00,2.4975,2.5200,2.4900,2.4900,101711.0000
2025-03-28 06:00:00,2.4600,2.4600,2.4350,2.4350,16398.0000
2025-03-28 10:00:00,2.4425,2.4500,2.4000,2.4100,42232.0000
2025-03-28 14:00:00,2.4075,2.4200,2.4000,2.4100,18221.0000
2025-03-31 06:00:00,2.3800,2.3800,2.3400,2.3600,20914.0000
2025-03-31 10:00:00,2.3600,2.3900,2.3500,2.3700,178002.0000
2025-03-31 14:00:00,2.3850,2.3900,2.3800,2.3900,202863.0000
2025-04-01 06:00:00,2.4300,2.4300,2.3900,2.3925,5266.0000
2025-04-01 10:00:00,2.3950,2.4300,2.3900,2.4150,269030.0000
2025-04-01 14:00:00,2.4200,2.4300,2.3900,2.3900,179806.0000
2025-04-02 06:00:00,2.4300,2.4350,2.4200,2.4250,9539.0000
2025-04-02 10:00:00,2.4150,2.4600,2.4100,2.4600,73095.0000
2025-04-02 14:00:00,2.4110,2.4500,2.4100,2.4500,45331.0000
2025-04-03 06:00:00,2.1800,2.1800,2.1450,2.1550,76730.0000
2025-04-03 10:00:00,2.1500,2.2600,2.1400,2.1900,184080.0000
2025-04-03 14:00:00,2.1850,2.1900,2.1600,2.1600,72609.0000
2025-04-04 06:00:00,2.1000,2.1000,2.0500,2.0600,48168.0000
2025-04-04 10:00:00,2.0600,2.2000,2.0050,2.1300,1459067.0000
2025-04-04 14:00:00,2.1500,2.1500,2.1000,2.1400,1399821.0000
2025-04-07 06:00:00,1.9400,2.0000,1.9400,1.9850,17302.0000
2025-04-07 10:00:00,2.0300,2.1300,1.9910,2.0050,2757233.0000
2025-04-07 14:00:00,2.0250,2.0500,2.0000,2.0200,583252.0000
2025-04-08 06:00:00,2.0200,2.0500,2.0200,2.0500,1492.0000
2025-04-08 10:00:00,2.0550,2.0700,1.9900,1.9900,95988.0000
2025-04-08 14:00:00,1.9975,2.0110,1.9500,1.9500,100600.0000
2025-04-09 06:00:00,2.0100,2.0300,1.9900,2.0200,19451.0000
2025-04-09 10:00:00,2.0400,2.1400,1.9600,2.0700,154585.0000
2025-04-09 14:00:00,2.1400,2.1900,2.0700,2.1600,189686.0000
2025-04-10 06:00:00,2.2000,2.2000,2.1600,2.1650,3688.0000
2025-04-10 10:00:00,2.1100,2.1255,2.0400,2.0700,124375.0000
2025-04-10 14:00:00,2.1100,2.1200,2.0700,2.0800,82183.0000
2025-04-11 06:00:00,2.1100,2.1100,2.0900,2.1000,20556.0000
2025-04-11 10:00:00,2.1100,2.1500,2.1000,2.1500,18147.0000
2025-04-11 14:00:00,2.1175,2.1700,2.1000,2.1400,75027.0000
2025-04-14 06:00:00,2.1800,2.1800,2.1600,2.1600,565.0000
2025-04-14 10:00:00,2.1700,2.1900,2.1525,2.1700,100257.0000
2025-04-14 14:00:00,2.1500,2.1900,2.1500,2.1800,29640.0000
2025-04-15 06:00:00,2.1701,2.1701,2.1701,2.1701,216.0000
2025-04-15 10:00:00,2.1750,2.2200,2.1700,2.1900,65622.0000
2025-04-15 14:00:00,2.1900,2.2100,2.1700,2.1900,18160.0000
2025-04-16 06:00:00,2.1400,2.1900,2.1400,2.1900,912.0000
2025-04-16 10:00:00,2.2000,2.2500,2.1800,2.1810,11241.0000
2025-04-16 14:00:00,2.1800,2.2000,2.1800,2.1800,26991.0000
2025-04-17 06:00:00,2.2450,2.2450,2.2350,2.2350,448.0000
2025-04-17 10:00:00,2.2300,2.3100,2.2200,2.2950,25039.0000
2025-04-17 14:00:00,2.2950,2.3100,2.2800,2.3000,33640.0000
2025-04-21 06:00:00,2.6700,2.6700,2.3500,2.3500,6287.0000
2025-04-21 10:00:00,2.3000,2.3000,2.2500,2.2600,56373.0000
2025-04-21 14:00:00,2.2600,2.2800,2.2600,2.2600,35693.0000
2025-04-22 06:00:00,2.4000,2.4500,2.4000,2.4450,5315.0000
2025-04-22 10:00:00,2.4300,2.4900,2.4300,2.4650,66483.0000
2025-04-22 14:00:00,2.4700,2.4700,2.4500,2.4700,61215.0000
2025-04-23 06:00:00,2.5300,2.6200,2.5300,2.5800,14473.0000
2025-04-23 10:00:00,2.5900,2.5900,2.4900,2.5300,31103.0000
2025-04-23 14:00:00,2.5165,2.5300,2.4900,2.5200,59483.0000
2025-04-24 10:00:00,2.5950,2.6250,2.5600,2.6000,91102.0000
2025-04-24 14:00:00,2.6150,2.6300,2.6000,2.6200,33831.0000
2025-04-25 06:00:00,2.5800,2.5800,2.5400,2.5400,28371.0000
2025-04-25 10:00:00,2.5550,2.5600,2.5300,2.5400,11452.0000
2025-04-25 14:00:00,2.5400,2.5600,2.5300,2.5300,6412.0000
2025-04-28 06:00:00,2.5660,2.5660,2.5600,2.5600,2100.0000
2025-04-28 10:00:00,2.5500,2.5800,2.5285,2.5695,18071.0000
2025-04-28 14:00:00,2.5590,2.5800,2.5590,2.5800,4951.0000
2025-04-29 10:00:00,2.5550,2.5625,2.5000,2.5500,12095.0000
2025-04-29 14:00:00,2.5600,2.5600,2.5400,2.5400,21264.0000
2025-04-30 06:00:00,2.5200,2.5200,2.5200,2.5200,8661.0000
2025-04-30 10:00:00,2.4800,2.5200,2.4200,2.5100,16158.0000
2025-04-30 14:00:00,2.5000,2.5300,2.5000,2.5100,17079.0000
2025-05-01 06:00:00,2.5200,2.5200,2.5200,2.5200,2623.0000
2025-05-01 10:00:00,2.5100,2.5550,2.5100,2.5500,49688.0000
2025-05-01 14:00:00,2.5100,2.5600,2.5100,2.5300,30319.0000
2025-05-02 10:00:00,2.5540,2.5900,2.5540,2.5700,35652.0000
2025-05-02 14:00:00,2.5900,2.5900,2.5500,2.5900,2717.0000
2025-05-05 06:00:00,2.6500,2.6500,2.6200,2.6300,8135.0000
2025-05-05 10:00:00,2.6400,2.6700,2.5900,2.6600,20588.0000
2025-05-05 14:00:00,2.6400,2.6600,2.6400,2.6500,3868.0000
2025-05-06 10:00:00,2.6200,2.6400,2.6100,2.6200,16198.0000
2025-05-06 14:00:00,2.6150,2.6400,2.6100,2.6100,7921.0000
2025-05-07 06:00:00,2.6400,2.6400,2.6400,2.6400,1830.0000
2025-05-07 10:00:00,2.6425,2.6500,2.5700,2.6050,16608.0000
2025-05-07 14:00:00,2.6100,2.6200,2.5800,2.5800,23970.0000
2025-05-08 06:00:00,2.7450,2.7450,2.7300,2.7300,403.0000
2025-05-08 10:00:00,2.7500,2.7600,2.7100,2.7400,69759.0000
2025-05-08 14:00:00,2.7200,2.7500,2.7200,2.7500,8811.0000
2025-05-09 06:00:00,2.6500,2.6500,2.6500,2.6500,444.0000
2025-05-09 10:00:00,2.5790,2.5800,2.5100,2.5100,34116.0000
2025-05-09 14:00:00,2.5400,2.5500,2.5100,2.5500,46522.0000
2025-05-12 06:00:00,2.6200,2.6200,2.5600,2.5600,16326.0000
2025-05-12 10:00:00,2.5600,2.6400,2.5500,2.6200,47926.0000
2025-05-12 14:00:00,2.6150,2.6300,2.6000,2.6300,4607.0000
2025-05-13 06:00:00,2.6500,2.6500,2.6200,2.6200,14025.0000
2025-05-13 10:00:00,2.6250,2.6700,2.5800,2.6670,483954.0000
2025-05-13 14:00:00,2.6600,2.6700,2.6500,2.6700,1051206.0000
2025-05-14 06:00:00,2.6000,2.6000,2.5825,2.5850,18300.0000
2025-05-14 10:00:00,2.5900,2.5900,2.5400,2.5500,28121.0000
2025-05-14 14:00:00,2.5600,2.5700,2.5500,2.5500,9249.0000
2025-05-15 06:00:00,2.5000,2.5240,2.5000,2.5240,5874.0000
2025-05-15 10:00:00,2.5100,2.5400,2.5100,2.5399,26388.0000
2025-05-15 14:00:00,2.5350,2.5400,2.5300,2.5400,26428.0000
2025-05-16 06:00:00,2.6100,2.6100,2.5600,2.5600,22397.0000
2025-05-16 10:00:00,2.5700,2.6000,2.5600,2.6000,36886.0000
2025-05-16 14:00:00,2.5500,2.5800,2.5500,2.5690,11242.0000
2025-05-19 06:00:00,2.5600,2.5600,2.5600,2.5600,2500.0000
2025-05-19 10:00:00,2.5600,2.5800,2.5400,2.5800,30314.0000
2025-05-19 14:00:00,2.5650,2.5800,2.5575,2.5800,9657.0000
2025-05-20 06:00:00,2.6000,2.6100,2.5900,2.6100,24459.0000
2025-05-20 10:00:00,2.5950,2.6600,2.5950,2.6350,32898.0000
2025-05-20 14:00:00,2.6350,2.6500,2.6200,2.6200,57617.0000
2025-05-21 06:00:00,2.6200,2.6200,2.6000,2.6000,10500.0000
2025-05-21 10:00:00,2.6100,2.6199,2.5900,2.5965,12789.0000
2025-05-21 14:00:00,2.5700,2.5800,2.5650,2.5690,4447.0000
2025-05-22 06:00:00,2.5900,2.5900,2.5225,2.5400,22204.0000
2025-05-22 10:00:00,2.5500,2.5700,2.5100,2.5360,36987.0000
2025-05-22 14:00:00,2.5475,2.5700,2.5325,2.5325,1640.0000
2025-05-23 06:00:00,2.4400,2.4400,2.4200,2.4400,20700.0000
2025-05-23 10:00:00,2.4250,2.4700,2.4150,2.4700,9243.0000
2025-05-23 14:00:00,2.4550,2.4580,2.4400,2.4400,12982.0000
2025-05-27 06:00:00,2.5200,2.5800,2.5200,2.5700,8259.0000
2025-05-27 10:00:00,2.5820,2.6100,2.5775,2.6000,15961.0000
2025-05-27 14:00:00,2.6000,2.6100,2.5900,2.6000,21751.0000
2025-05-28 06:00:00,2.5900,2.6000,2.5900,2.6000,11170.0000
2025-05-28 10:00:00,2.6000,2.6200,2.5400,2.6050,34089.0000
2025-05-28 14:00:00,2.6050,2.6200,2.5900,2.5900,4029.0000
2025-05-29 06:00:00,2.6400,2.6400,2.6100,2.6200,7196.0000
2025-05-29 10:00:00,2.5900,2.5900,2.5400,2.5400,21393.0000
2025-05-29 14:00:00,2.5565,2.5700,2.5400,2.5400,10609.0000
2025-05-30 06:00:00,2.5400,2.5400,2.5400,2.5400,500.0000
2025-05-30 10:00:00,2.5400,2.5500,2.4900,2.5200,61497.0000
2025-05-30 14:00:00,2.5265,2.5500,2.5100,2.5500,81521.0000
2025-06-02 06:00:00,2.5100,2.5100,2.4800,2.4800,7189.0000
2025-06-02 10:00:00,2.5105,2.5400,2.5000,2.5200,13834.0000
2025-06-02 14:00:00,2.5250,2.5525,2.5250,2.5400,157371.0000
2025-06-03 06:00:00,2.5300,2.5300,2.5050,2.5075,687.0000
2025-06-03 10:00:00,2.5100,2.5250,2.5000,2.5105,30115.0000
2025-06-03 14:00:00,2.5150,2.5150,2.5000,2.5000,10963.0000
2025-06-04 06:00:00,2.4800,2.4800,2.4800,2.4800,1500.0000
2025-06-04 10:00:00,2.4750,2.5050,2.4750,2.4900,10399.0000
2025-06-04 14:00:00,2.5050,2.5050,2.4800,2.4800,4302.0000
2025-06-05 06:00:00,2.4600,2.4600,2.4600,2.4600,750.0000
2025-06-05 10:00:00,2.4250,2.4400,2.4200,2.4200,23987.0000
2025-06-05 14:00:00,2.4200,2.4200,2.4100,2.4100,17025.0000
2025-06-06 06:00:00,2.4200,2.4200,2.4000,2.4000,1882.0000
2025-06-06 10:00:00,2.3980,2.4171,2.3980,2.4150,10919.0000
2025-06-06 14:00:00,2.4150,2.4300,2.4000,2.4100,5836.0000
2025-06-09 06:00:00,2.5400,2.5400,2.5400,2.5400,266.0000
2025-06-09 10:00:00,2.5300,2.5500,2.4900,2.5200,24487.0000
2025-06-09 14:00:00,2.5350,2.5500,2.5200,2.5200,21008.0000
2025-06-10 06:00:00,2.5300,2.5300,2.5300,2.5300,201.0000
2025-06-10 10:00:00,2.5600,2.5830,2.5600,2.5600,21990.0000
2025-06-10 14:00:00,2.5700,2.5765,2.5700,2.5700,12058.0000
2025-06-11 06:00:00,2.5300,2.5300,2.5300,2.5300,274.0000
2025-06-11 10:00:00,2.5470,2.5470,2.5000,2.5200,13997.0000
2025-06-11 14:00:00,2.5150,2.5199,2.4900,2.4900,24364.0000
2025-06-12 06:00:00,2.4510,2.4510,2.4500,2.4500,4580.0000
2025-06-12 10:00:00,2.4375,2.4730,2.4375,2.4600,19301.0000
2025-06-12 14:00:00,2.4700,2.4800,2.4600,2.4600,48334.0000
