timestamp,open,high,low,close,volume
2025-06-04 16:00:00-04:00,53.63,53.715,53.46,53.53,2548117.0
2025-06-04 17:00:00-04:00,53.6,53.69,53.5,53.67,43605.0
2025-06-04 18:00:00-04:00,53.56,53.85,53.56,53.6,55533.0
2025-06-04 19:00:00-04:00,53.6,53.69,53.5557,53.5801,48798.0
2025-06-05 04:00:00-04:00,54.0,55.15,54.0,54.28,254005.0
2025-06-05 05:00:00-04:00,54.32,54.6,54.19,54.38,36294.0
2025-06-05 06:00:00-04:00,54.5,54.68,54.13,54.24,55885.0
2025-06-05 07:00:00-04:00,54.16,54.31,53.94,54.09,61222.0
2025-06-05 08:00:00-04:00,54.2,54.7,53.54,54.1342,341022.0
2025-06-05 09:00:00-04:00,54.2,54.55,52.21,52.2899,5860534.0
2025-06-05 10:00:00-04:00,52.2553,54.19,52.24,53.68,5988861.0
2025-06-05 11:00:00-04:00,53.7,54.28,53.1379,53.9001,3863308.0
2025-06-05 12:00:00-04:00,53.93,54.3296,52.02,52.16,3900473.0
2025-06-05 13:00:00-04:00,52.16,54.81,52.03,54.24,5162624.0
2025-06-05 14:00:00-04:00,54.24,54.54,53.47,53.47,3912996.0
2025-06-05 15:00:00-04:00,53.46,53.64,51.85,52.74,5873133.0
2025-06-05 16:00:00-04:00,52.76,52.9,52.0,52.0,1189464.0
2025-06-05 17:00:00-04:00,51.97,52.0,51.09,51.3188,247746.0
2025-06-05 18:00:00-04:00,51.32,52.04,51.2,52.0,150070.0
2025-06-05 19:00:00-04:00,52.0,52.39,51.96,52.39,85592.0
2025-06-06 04:00:00-04:00,52.96,53.09,52.73,52.86,47959.0
2025-06-06 05:00:00-04:00,52.9,52.91,52.5,52.62,119487.0
2025-06-06 06:00:00-04:00,52.68,52.8,52.5,52.51,28087.0
2025-06-06 07:00:00-04:00,52.58,53.0,52.57,52.71,85701.0
2025-06-06 08:00:00-04:00,52.93,53.75,52.54,53.35,332086.0
2025-06-06 09:00:00-04:00,53.349,55.65,52.75,55.3,6807321.0
2025-06-06 10:00:00-04:00,55.3,57.26,54.9205,56.993,8851637.0
2025-06-06 11:00:00-04:00,56.99,57.5084,54.39,55.07,8623123.0
2025-06-06 12:00:00-04:00,55.1,56.3489,54.97,55.8183,4375555.0
2025-06-06 13:00:00-04:00,55.8,57.04,55.5717,56.94,2976015.0
2025-06-06 14:00:00-04:00,56.93,57.2199,56.25,56.2549,2914287.0
2025-06-06 15:00:00-04:00,56.265,56.7604,55.88,56.38,4309195.0
2025-06-06 16:00:00-04:00,56.33,56.5,56.0145,56.4793,1990341.0
2025-06-06 17:00:00-04:00,56.46,56.65,56.25,56.4,67454.0
2025-06-06 18:00:00-04:00,56.53,56.55,56.4,56.46,26371.0
2025-06-06 19:00:00-04:00,56.43,56.46,56.23,56.4582,39425.0
2025-06-09 04:00:00-04:00,56.8,57.16,56.56,56.87,50899.0
2025-06-09 05:00:00-04:00,56.86,57.1,56.74,57.09,20311.0
2025-06-09 06:00:00-04:00,57.06,57.15,56.88,57.02,22852.0
2025-06-09 07:00:00-04:00,57.0,57.09,56.83,57.06,36925.0
2025-06-09 08:00:00-04:00,56.95,57.36,56.71,57.22,238940.0
2025-06-09 09:00:00-04:00,57.23,57.43,54.6152,55.6,5031859.0
2025-06-09 10:00:00-04:00,55.6144,56.0095,54.66,55.18,5318925.0
2025-06-09 11:00:00-04:00,55.18,56.2,54.99,56.08,2574900.0
2025-06-09 12:00:00-04:00,56.08,56.28,55.57,56.05,1913321.0
2025-06-09 13:00:00-04:00,56.09,56.75,55.97,56.405,1983093.0
2025-06-09 14:00:00-04:00,56.405,56.73,56.13,56.5398,1762892.0
2025-06-09 15:00:00-04:00,56.54,57.08,56.3,56.89,2944426.0
2025-06-09 16:00:00-04:00,56.86,56.86,56.58,56.6518,5491896.0
2025-06-09 17:00:00-04:00,56.7,56.73,56.6,56.7001,43090.0
2025-06-09 18:00:00-04:00,56.71,56.74,56.6,56.65,29949.0
2025-06-09 19:00:00-04:00,56.65,56.77,56.6399,56.739,32933.0
2025-06-10 04:00:00-04:00,56.74,56.77,56.21,56.6,29491.0
2025-06-10 05:00:00-04:00,56.45,56.8,56.44,56.67,13348.0
2025-06-10 06:00:00-04:00,56.75,56.89,56.55,56.68,18896.0
2025-06-10 07:00:00-04:00,56.67,56.98,56.48,56.95,30641.0
2025-06-10 08:00:00-04:00,56.44,57.18,56.17,56.9785,201946.0
2025-06-10 09:00:00-04:00,56.97,58.76,55.76,56.745,6662047.0
2025-06-10 10:00:00-04:00,56.72,57.3,55.91,56.157,5818443.0
2025-06-10 11:00:00-04:00,56.17,56.3,54.3501,55.62,5626235.0
2025-06-10 12:00:00-04:00,55.63,56.53,54.36,54.5355,3996129.0
2025-06-10 13:00:00-04:00,54.52,54.6196,53.57,53.86,6002157.0
2025-06-10 14:00:00-04:00,53.855,54.99,53.54,54.8095,3842177.0
2025-06-10 15:00:00-04:00,54.81,55.51,54.655,55.28,4832318.0
2025-06-10 16:00:00-04:00,55.25,55.25,54.9501,54.99,1012677.0
2025-06-10 17:00:00-04:00,54.9813,55.07,54.95,54.95,54033.0
2025-06-10 18:00:00-04:00,54.9,54.9,54.8002,54.87,37707.0
2025-06-10 19:00:00-04:00,54.87,55.0575,54.8132,54.93,48359.0
2025-06-11 04:00:00-04:00,55.22,55.4,54.88,55.12,47700.0
2025-06-11 05:00:00-04:00,55.1,55.1,54.7,54.71,23757.0
2025-06-11 06:00:00-04:00,54.78,54.96,54.25,54.35,43570.0
2025-06-11 07:00:00-04:00,54.38,54.64,54.08,54.5,66827.0
2025-06-11 08:00:00-04:00,54.4,55.48,54.0817,55.2,463652.0
2025-06-11 09:00:00-04:00,55.2,55.53,53.63,54.97,5118390.0
2025-06-11 10:00:00-04:00,54.945,56.3399,54.63,56.13,5903291.0
2025-06-11 11:00:00-04:00,56.1799,56.96,55.77,56.4701,3791222.0
2025-06-11 12:00:00-04:00,56.5,57.16,55.61,56.45,3181229.0
2025-06-11 13:00:00-04:00,56.45,57.27,56.42,56.885,2037403.0
2025-06-11 14:00:00-04:00,56.868,57.74,56.3,57.3496,3193571.0
2025-06-11 15:00:00-04:00,57.36,57.58,56.95,57.55,3222394.0
2025-06-11 16:00:00-04:00,57.56,57.61,57.3,57.3801,1079435.0
2025-06-11 17:00:00-04:00,57.45,57.45,57.22,57.3,51827.0
2025-06-11 18:00:00-04:00,57.25,57.35,57.2,57.2607,46999.0
2025-06-11 19:00:00-04:00,57.21,57.3228,57.16,57.16,42030.0
2025-06-12 04:00:00-04:00,57.3,57.3,56.51,57.0,21043.0
2025-06-12 05:00:00-04:00,56.99,57.11,56.86,56.89,8235.0
2025-06-12 06:00:00-04:00,56.88,57.11,56.79,56.99,22201.0
2025-06-12 07:00:00-04:00,57.0,57.0,56.27,56.35,54422.0
2025-06-12 08:00:00-04:00,56.35,57.23,56.25,56.88,229134.0
2025-06-12 09:00:00-04:00,56.89,59.9,56.19,58.26,7765333.0
2025-06-12 10:00:00-04:00,58.26,58.4,56.7,58.17,7092118.0
2025-06-12 11:00:00-04:00,58.18,58.73,56.94,57.1996,4040868.0
2025-06-12 12:00:00-04:00,57.1793,57.71,56.22,56.35,4935127.0
2025-06-12 13:00:00-04:00,56.35,57.75,56.25,57.2756,3046955.0
2025-06-12 14:00:00-04:00,57.2994,58.25,56.84,57.0,2876904.0
2025-06-12 15:00:00-04:00,56.96,57.48,56.58,57.17,3539842.0
2025-06-12 16:00:00-04:00,57.15,57.15,56.8,56.88,718248.0
2025-06-12 17:00:00-04:00,56.86,57.01,56.85,56.9046,24564.0
2025-06-12 18:00:00-04:00,56.9344,56.98,56.7,56.71,29039.0
2025-06-12 19:00:00-04:00,56.83,56.83,56.66,56.75,25499.0
2025-06-13 04:00:00-04:00,55.4,55.89,54.85,55.09,86040.0
2025-06-13 05:00:00-04:00,55.09,55.38,54.8,54.99,34430.0
2025-06-13 06:00:00-04:00,54.94,55.05,54.75,55.03,41832.0
2025-06-13 07:00:00-04:00,55.08,56.0,54.86,55.77,91245.0
2025-06-13 08:00:00-04:00,55.15,56.0,54.7619,55.78,271674.0
2025-06-13 09:00:00-04:00,55.75,57.38,54.84,56.196,4574380.0
2025-06-13 10:00:00-04:00,56.24,56.94,54.67,55.47,4889074.0
2025-06-13 11:00:00-04:00,55.47,56.775,55.3904,56.675,2522849.0
2025-06-13 12:00:00-04:00,56.6609,57.68,56.66,57.26,4022769.0
2025-06-13 13:00:00-04:00,57.26,57.31,55.96,56.53,2444875.0
2025-06-13 14:00:00-04:00,56.5599,56.71,55.18,55.77,2273360.0
2025-06-13 15:00:00-04:00,55.75,56.06,54.75,55.52,4245455.0
2025-06-13 16:00:00-04:00,55.48,55.5,55.17,55.34,774111.0
2025-06-13 17:00:00-04:00,55.2502,55.34,55.1707,55.1707,49841.0
2025-06-13 18:00:00-04:00,55.1738,55.33,55.17,55.28,18683.0
2025-06-13 19:00:00-04:00,55.33,55.33,55.2,55.33,27334.0
2025-06-16 04:00:00-04:00,56.0,56.45,55.95,56.38,35930.0
2025-06-16 05:00:00-04:00,56.42,56.42,56.25,56.29,8281.0
2025-06-16 06:00:00-04:00,56.28,56.35,55.32,56.0,106572.0
2025-06-16 07:00:00-04:00,55.95,56.22,55.58,56.2,225126.0
2025-06-16 08:00:00-04:00,55.9,56.471,55.7,56.27,295354.0
2025-06-16 09:00:00-04:00,56.37,59.87,55.7717,59.8,7628246.0
2025-06-16 10:00:00-04:00,59.87,61.665,59.05,60.32,12109200.0
2025-06-16 11:00:00-04:00,60.37,60.69,59.37,59.4,5624895.0
2025-06-16 12:00:00-04:00,59.395,59.88,58.83,59.5575,3680879.0
2025-06-16 13:00:00-04:00,59.565,60.2495,59.15,59.61,2412827.0
2025-06-16 14:00:00-04:00,59.6,59.6296,58.4,58.75,3002469.0
2025-06-16 15:00:00-04:00,58.75,60.26,58.5305,59.83,5243790.0
2025-06-16 16:00:00-04:00,59.78,60.0897,59.5787,59.9195,1472268.0
2025-06-16 17:00:00-04:00,59.91,60.25,59.9,60.0559,83124.0
2025-06-16 18:00:00-04:00,60.08,60.22,59.4001,59.55,101123.0
2025-06-16 19:00:00-04:00,59.5982,59.6962,58.57,58.8,166481.0
2025-06-17 04:00:00-04:00,59.18,59.66,58.89,59.12,60901.0
2025-06-17 05:00:00-04:00,59.25,59.59,59.2,59.46,19146.0
2025-06-17 06:00:00-04:00,59.46,59.57,59.2,59.39,17257.0
2025-06-17 07:00:00-04:00,59.42,59.48,59.31,59.38,20326.0
2025-06-17 08:00:00-04:00,59.45,59.94,59.09,59.4999,188825.0
2025-06-17 09:00:00-04:00,59.46,59.77,56.5,57.87,7571217.0
2025-06-17 10:00:00-04:00,57.7963,60.44,57.79,59.7155,7446817.0
2025-06-17 11:00:00-04:00,59.715,60.0,58.82,59.455,3010780.0
2025-06-17 12:00:00-04:00,59.46,60.03,58.3,58.52,2855929.0
2025-06-17 13:00:00-04:00,58.518,58.518,57.5113,57.755,3403854.0
2025-06-17 14:00:00-04:00,57.72,58.68,57.32,58.635,3124702.0
2025-06-17 15:00:00-04:00,58.635,59.4,58.56,59.2,4712220.0
2025-06-17 16:00:00-04:00,59.24,59.2894,58.61,58.8,2650947.0
2025-06-17 17:00:00-04:00,58.7601,59.1,58.75,58.81,51703.0
2025-06-17 18:00:00-04:00,58.77,58.9224,58.67,58.7,29542.0
2025-06-17 19:00:00-04:00,58.74,58.84,58.31,58.6619,60280.0
2025-06-18 04:00:00-04:00,60.3,60.47,59.89,60.14,49616.0
2025-06-18 05:00:00-04:00,60.17,60.35,60.07,60.16,24116.0
2025-06-18 06:00:00-04:00,60.1,60.13,59.43,59.45,45407.0
2025-06-18 07:00:00-04:00,59.42,59.76,59.36,59.66,43399.0
2025-06-18 08:00:00-04:00,59.37,60.5,59.35,59.62,219499.0
2025-06-18 09:00:00-04:00,59.62,62.54,58.7,58.94,10280796.0
2025-06-18 10:00:00-04:00,58.92,60.75,58.15,60.0656,9929081.0
2025-06-18 11:00:00-04:00,60.0946,60.58,59.73,59.9095,3479999.0
2025-06-18 12:00:00-04:00,59.92,61.49,59.885,61.2525,3847380.0
2025-06-18 13:00:00-04:00,61.25,61.92,60.24,60.36,4924988.0
2025-06-18 14:00:00-04:00,60.47,62.0,60.2,60.6259,4720664.0
2025-06-18 15:00:00-04:00,60.605,61.7,60.31,61.1044,4763556.0
2025-06-18 16:00:00-04:00,61.07,61.3,61.0,61.23,845380.0
2025-06-18 17:00:00-04:00,61.22,61.25,61.05,61.19,29844.0
2025-06-18 18:00:00-04:00,61.19,61.22,61.04,61.1,38193.0
2025-06-18 19:00:00-04:00,61.1,61.1001,60.8,60.8601,92231.0
2025-06-20 04:00:00-04:00,60.7,61.76,60.3,61.18,71000.0
2025-06-20 05:00:00-04:00,61.28,61.55,61.27,61.55,9368.0
2025-06-20 06:00:00-04:00,61.54,61.8,61.39,61.66,21847.0
2025-06-20 07:00:00-04:00,61.65,62.0,61.43,61.95,67554.0
2025-06-20 08:00:00-04:00,61.5,62.93,60.91,62.56,320194.0
2025-06-20 09:00:00-04:00,62.55,63.715,61.62,62.75,5865531.0
2025-06-20 10:00:00-04:00,62.74,63.68,61.5201,61.9608,7717862.0
2025-06-20 11:00:00-04:00,61.97,63.67,61.63,62.7233,5523801.0
2025-06-20 12:00:00-04:00,62.73,64.3999,62.7,64.05,4183242.0
2025-06-20 13:00:00-04:00,64.02,64.22,62.5,63.5304,4555281.0
2025-06-20 14:00:00-04:00,63.53,64.225,63.3,63.55,3591885.0
2025-06-20 15:00:00-04:00,63.545,64.6,63.42,64.22,6096921.0
2025-06-20 16:00:00-04:00,64.2,64.54,64.0208,64.28,4050551.0
2025-06-20 17:00:00-04:00,64.2799,64.28,64.15,64.25,46243.0
2025-06-20 18:00:00-04:00,64.25,64.39,64.11,64.39,41744.0
2025-06-20 19:00:00-04:00,64.4294,64.5,64.2,64.47,60854.0
2025-06-23 04:00:00-04:00,64.86,65.0,63.5,64.66,97131.0
2025-06-23 05:00:00-04:00,64.61,64.74,64.3,64.5,29881.0
2025-06-23 06:00:00-04:00,64.44,64.7,63.56,63.71,69989.0
2025-06-23 07:00:00-04:00,63.74,63.8,49.5,53.01,3596471.0
2025-06-23 08:00:00-04:00,63.66,64.91,47.75,49.01,10935097.0
2025-06-23 09:00:00-04:00,49.01,49.4,44.17,46.6904,33052268.0
2025-06-23 10:00:00-04:00,46.69,47.58,43.13,45.115,35602231.0
2025-06-23 11:00:00-04:00,45.13,46.31,43.6701,43.78,19539820.0
2025-06-23 12:00:00-04:00,43.7844,44.17,42.14,42.5973,18959682.0
2025-06-23 13:00:00-04:00,42.6,43.44,42.5,43.32,12166601.0
2025-06-23 14:00:00-04:00,43.33,44.12,43.31,43.505,10845597.0
2025-06-23 15:00:00-04:00,43.5011,43.91,41.97,41.98,20774976.0
2025-06-23 16:00:00-04:00,41.98,42.11,40.64,41.97,6555497.0
2025-06-23 17:00:00-04:00,41.97,43.31,41.89,43.28,1116159.0
2025-06-23 18:00:00-04:00,43.27,44.83,43.2,44.2,1863244.0
2025-06-23 19:00:00-04:00,44.24,44.44,43.65,43.65,876659.0
2025-06-24 04:00:00-04:00,44.09,44.4,42.69,42.69,411381.0
2025-06-24 05:00:00-04:00,42.67,43.81,42.24,42.77,246476.0
2025-06-24 06:00:00-04:00,42.78,43.17,42.71,42.79,156295.0
2025-06-24 07:00:00-04:00,42.73,43.03,42.23,42.505,534556.0
2025-06-24 08:00:00-04:00,42.97,44.44,42.21,42.56,1439426.0
2025-06-24 09:00:00-04:00,42.6,44.3828,41.84,42.6994,15226139.0
2025-06-24 10:00:00-04:00,42.67,43.67,42.095,43.2104,13743511.0
2025-06-24 11:00:00-04:00,43.22,43.99,43.12,43.12,6922329.0
2025-06-24 12:00:00-04:00,43.1264,44.0,43.11,43.355,6154504.0
2025-06-24 13:00:00-04:00,43.36,43.58,42.66,42.82,4795227.0
2025-06-24 14:00:00-04:00,42.82,43.4,42.52,42.565,4063497.0
2025-06-24 15:00:00-04:00,42.565,43.1,42.39,42.945,7254021.0
2025-06-24 16:00:00-04:00,42.95,42.9995,42.77,42.84,2251845.0
2025-06-24 17:00:00-04:00,42.8699,42.94,42.71,42.7996,125144.0
2025-06-24 18:00:00-04:00,42.7895,42.84,42.65,42.76,130293.0
2025-06-24 19:00:00-04:00,42.76,42.98,42.66,42.95,128245.0
2025-06-25 04:00:00-04:00,43.53,43.58,43.08,43.29,86675.0
2025-06-25 05:00:00-04:00,43.29,43.39,43.15,43.38,52974.0
2025-06-25 06:00:00-04:00,43.36,43.38,43.17,43.2,38752.0
2025-06-25 07:00:00-04:00,43.27,43.33,43.0,43.3,134074.0
2025-06-25 08:00:00-04:00,43.2,43.9,43.01,43.9,644959.0
2025-06-25 09:00:00-04:00,43.8998,46.52,43.39,44.26,17075755.0
2025-06-25 10:00:00-04:00,44.256,44.75,43.52,43.6303,12125522.0
2025-06-25 11:00:00-04:00,43.6482,43.79,42.7,42.825,6756202.0
2025-06-25 12:00:00-04:00,42.83,43.3,42.58,43.0091,4276414.0
2025-06-25 13:00:00-04:00,43.0,43.07,42.38,42.8537,5220488.0
2025-06-25 14:00:00-04:00,42.83,42.89,41.82,42.0,5698143.0
2025-06-25 15:00:00-04:00,41.99,42.2397,41.2,41.43,7815688.0
2025-06-25 16:00:00-04:00,41.424,41.95,41.31,41.85,2503817.0
2025-06-25 17:00:00-04:00,41.753,41.97,41.7005,41.88,195818.0
2025-06-25 18:00:00-04:00,41.86,41.9199,41.81,41.8309,77132.0
2025-06-25 19:00:00-04:00,41.8692,41.87,41.41,41.5514,166300.0
2025-06-26 04:00:00-04:00,42.1,42.66,42.1,42.15,84471.0
2025-06-26 05:00:00-04:00,42.2,42.25,41.82,41.85,56240.0
2025-06-26 06:00:00-04:00,41.82,42.17,41.82,41.93,53414.0
2025-06-26 07:00:00-04:00,41.97,42.0,41.82,41.88,72599.0
2025-06-26 08:00:00-04:00,41.95,42.3159,41.59,41.8998,425664.0
2025-06-26 09:00:00-04:00,41.86,42.84,40.88,42.39,8336998.0
2025-06-26 10:00:00-04:00,42.363,43.34,42.1006,43.25,8078585.0
2025-06-26 11:00:00-04:00,43.255,44.69,43.255,44.65,9990395.0
2025-06-26 12:00:00-04:00,44.6562,45.65,44.38,45.1227,12122067.0
2025-06-26 13:00:00-04:00,45.115,46.25,45.09,46.0597,7069552.0
2025-06-26 14:00:00-04:00,46.0537,46.55,45.43,45.96,8015671.0
2025-06-26 15:00:00-04:00,45.97,46.801,45.97,46.28,7773796.0
2025-06-26 16:00:00-04:00,46.31,46.35,45.8,45.9381,1991673.0
2025-06-26 17:00:00-04:00,45.86,46.14,45.8206,45.9599,92646.0
2025-06-26 18:00:00-04:00,45.96,46.19,45.9,46.12,76587.0
2025-06-26 19:00:00-04:00,46.0955,46.3599,46.0,46.3,113667.0
2025-06-27 04:00:00-04:00,46.95,47.14,46.0,46.85,101450.0
2025-06-27 05:00:00-04:00,46.84,47.08,46.51,46.52,127950.0
2025-06-27 06:00:00-04:00,46.55,46.8,46.45,46.5,217689.0
2025-06-27 07:00:00-04:00,46.58,46.89,46.53,46.7,105503.0
2025-06-27 08:00:00-04:00,46.65,47.37,46.43,46.97,627508.0
2025-06-27 09:00:00-04:00,46.97,50.46,46.4,50.32,16628369.0
2025-06-27 10:00:00-04:00,50.3004,51.99,48.92,49.43,26698876.0
2025-06-27 11:00:00-04:00,49.4499,50.7,49.2305,50.08,10891520.0
2025-06-27 12:00:00-04:00,50.09,50.3667,49.3,49.9676,5534935.0
2025-06-27 13:00:00-04:00,49.99,50.46,48.97,49.215,5632155.0
2025-06-27 14:00:00-04:00,49.215,49.6599,48.13,48.4499,5957448.0
2025-06-27 15:00:00-04:00,48.44,49.97,48.39,49.43,7816905.0
2025-06-27 16:00:00-04:00,49.43,49.5,49.1,49.18,2850193.0
2025-06-27 17:00:00-04:00,49.1548,49.2,48.98,49.14,81949.0
2025-06-27 18:00:00-04:00,49.14,49.25,49.03,49.2,37337.0
2025-06-27 19:00:00-04:00,49.2,49.4,49.2,49.3501,67663.0
2025-06-30 04:00:00-04:00,50.7,50.75,49.79,50.39,142223.0
2025-06-30 05:00:00-04:00,50.3,50.5,50.17,50.22,37700.0
2025-06-30 06:00:00-04:00,50.22,50.45,49.76,50.38,182236.0
2025-06-30 07:00:00-04:00,50.34,50.48,50.17,50.4,56629.0
2025-06-30 08:00:00-04:00,50.26,50.88,49.8,50.85,541607.0
2025-06-30 09:00:00-04:00,50.84,51.4,48.87,49.2,6972955.0
2025-06-30 10:00:00-04:00,49.2399,50.015,48.74,49.15,6973196.0
2025-06-30 11:00:00-04:00,49.14,49.19,48.33,48.7045,4646035.0
2025-06-30 12:00:00-04:00,48.71,49.1,48.55,48.965,3452713.0
2025-06-30 13:00:00-04:00,48.96,49.54,48.43,49.2017,3403266.0
2025-06-30 14:00:00-04:00,49.18,49.83,49.07,49.755,2946556.0
2025-06-30 15:00:00-04:00,49.74,50.19,49.33,49.87,5067817.0
2025-06-30 16:00:00-04:00,49.85,50.08,49.77,49.979,1953105.0
2025-06-30 17:00:00-04:00,49.96,50.1,49.9,50.0,80106.0
2025-06-30 18:00:00-04:00,49.98,50.1,49.84,49.88,50601.0
2025-06-30 19:00:00-04:00,49.9,49.9297,49.8,49.86,46335.0
2025-07-01 04:00:00-04:00,49.87,49.87,48.74,49.21,99868.0
2025-07-01 05:00:00-04:00,49.24,49.25,48.69,48.88,33862.0
2025-07-01 06:00:00-04:00,48.91,49.05,48.83,49.05,28444.0
2025-07-01 07:00:00-04:00,49.08,49.2,48.96,48.98,36035.0
2025-07-01 08:00:00-04:00,49.15,49.85,48.65,48.85,323246.0
2025-07-01 09:00:00-04:00,48.77,50.88,48.67,49.3896,5746964.0
2025-07-01 10:00:00-04:00,49.33,50.19,47.29,47.33,7798230.0
2025-07-01 11:00:00-04:00,47.33,48.34,47.02,47.54,5962115.0
2025-07-01 12:00:00-04:00,47.54,48.56,47.52,48.12,3479734.0
2025-07-01 13:00:00-04:00,48.15,48.67,47.9601,48.515,2039354.0
2025-07-01 14:00:00-04:00,48.515,49.06,48.07,48.1,2983251.0
2025-07-01 15:00:00-04:00,48.1,48.2,47.33,47.9,5370300.0
2025-07-01 16:00:00-04:00,47.88,48.04,47.77,48.0,1554399.0
2025-07-01 17:00:00-04:00,47.97,47.9992,47.61,47.7,153313.0
2025-07-01 18:00:00-04:00,47.7,47.841,47.69,47.8004,25721.0
2025-07-01 19:00:00-04:00,47.8,47.85,47.7071,47.77,32289.0
2025-07-02 04:00:00-04:00,48.27,48.44,48.2,48.2,19249.0
2025-07-02 05:00:00-04:00,48.19,48.19,48.0,48.15,17428.0
2025-07-02 06:00:00-04:00,48.07,48.24,48.04,48.19,19682.0
2025-07-02 07:00:00-04:00,48.16,48.3,48.13,48.24,41324.0
2025-07-02 08:00:00-04:00,48.28,48.44,47.6,47.73,294464.0
2025-07-02 09:00:00-04:00,47.84,48.36,46.7,47.415,4074867.0
2025-07-02 10:00:00-04:00,47.4,47.74,47.0993,47.48,3606421.0
2025-07-02 11:00:00-04:00,47.49,47.61,46.7,46.8814,3379105.0
2025-07-02 12:00:00-04:00,46.895,47.55,46.7736,47.34,2841090.0
2025-07-02 13:00:00-04:00,47.3408,47.73,47.234,47.605,2035947.0
2025-07-02 14:00:00-04:00,47.6026,47.89,46.94,47.18,2559780.0
2025-07-02 15:00:00-04:00,47.1762,47.56,46.96,47.44,3748786.0
2025-07-02 16:00:00-04:00,47.46,47.567,47.3009,47.5,1530839.0
2025-07-02 17:00:00-04:00,47.5,47.5299,47.33,47.42,32382.0
2025-07-02 18:00:00-04:00,47.42,47.49,47.38,47.47,21325.0
2025-07-02 19:00:00-04:00,47.42,47.5999,47.4,47.51,28879.0
2025-07-03 04:00:00-04:00,47.65,47.66,47.51,47.52,15993.0
2025-07-03 05:00:00-04:00,47.51,47.62,47.46,47.51,12018.0
2025-07-03 06:00:00-04:00,47.52,47.55,47.45,47.55,11090.0
2025-07-03 07:00:00-04:00,47.51,47.63,47.45,47.58,22401.0
2025-07-03 08:00:00-04:00,47.5393,48.0,47.4109,47.86,149796.0
2025-07-03 09:00:00-04:00,47.87,48.2,46.55,47.01,3209671.0
2025-07-03 10:00:00-04:00,47.01,48.5999,46.8703,48.4199,4502301.0
2025-07-03 11:00:00-04:00,48.4,49.06,48.0,48.015,4788877.0
2025-07-03 12:00:00-04:00,48.03,48.3958,47.81,47.965,3966798.0
2025-07-03 13:00:00-04:00,47.91,48.0,47.82,47.83,591186.0
2025-07-03 14:00:00-04:00,47.94,48.26,47.87,47.98,53450.0
2025-07-03 15:00:00-04:00,47.9997,48.0,47.83,47.83,31234.0
2025-07-03 16:00:00-04:00,47.8983,47.98,47.7,47.75,29408.0
